Timestamp,Story1_response,Main Object Identification Score1,Main Action Identification Score1,Narrativity Score 1,Total_Score1,Story2_response,Main Object Identification Score2,Main Action Identification Score2,Narrativity Score 2,Total_Score2,Story3_response,Main Object Identification Score3,Main Actions Identification Score 3,Narrativity score 3,Total_Score3,Story4_response,Main Object Identification Score4,Main Actions Identification Score 4,Narativity score 4,Total_Score4,Total_Score,Percentage,ELD_Level
9/24/2025 16:02:51,පිරිමි ළමයෙක් උදේ නැගිටිනවා කෑම කනවා ඉස්කෝලෙ යනවා ,2,3,2,7,මුව පැටියෙක් උගුලකට අහුවෙලා ඉන්නවා ළමයි දෙන්නෙක් දකිනවා මුව අම්මා බලාගෙන ඉන්නේ මුව අම්මා බේරගෙන කැලේට යනවා,6,2,2,10,උදේම නැගිටිනවා ධම්මදිනවා අම්මට වඳිනවා ඉස්කෝලෙ යනවා ,1,4,2,7,අම්මා කෑම පාර්සලයක් දුන්න යාළුවෙක්ට දෙන්න කියලා යාළුවා කෑම පාසලේ දුන්නා,4,1,0,5,29,48.33,Weak
9/24/2025 16:20:24,පිරිමි ළමයෙක් උදේම අවදිවෙලා මූන සෝදලා පොත් බෑග් එකත් අරගෙන වතුර බෝතලේ අරගෙන පිටත් වෙනවා,4,2,1,7,මුව පැටියෙක්  උගුලකට  අහුවෙලා ඉන්නවා පිරිමි ළමයෙකුයි ගෑණු ළමයෙකුයි දැක්කා මුව පැටියාව බේරගන්න ගෑණු ළමයයි පිරිමි ළමයයි උත්සහ කරා,7,2,2,11,උදේම නැගිට වෙලා නැගිටලා මූන හෝදලා කෑම කාලා අම්මටයි තාත්තටයි වැඳලා පාසල් යනවා,2,4,3,9,අම්මා කෑම්පාසරයක් දෙනවා යාළුවට දෙන්න ළමයා ඒක ගිහිල්ල යාළුවට දෙනවාා යාළුවා ස්තූති කරනවා ,4,3,2,9,36,60.00,Average
9/24/2025 16:30:31,ළමයෙක් උදෙන්ම අවදි වෙනවා මූණ සෝදනවා කෑම  කනවා පොත් බෑගේ අතින් අරන් පාසල් යනවා,2,4,3,9,මුව පැටියෙක් උගුලකට  අහුවෙලා ඉන්නවා පිරිමි ළමයෙකුයි ගෑනු ළමයෙකුයි මුව පැටියව බේරගන්නවා ඒක දැකලා මුවපැටියා එක්ක කැලේටම,7,2,2,11,පිරිමි ළමයෙක් උදෙන්ම අවදි වෙනවා දත් මදිනවා අම්මාටයි තාත්තයි වැඳ පොත් බෑග් එක අතින් අරන් පාසල් යනවා,5,4,4,13,අම්මායි දුවයි කෑම පිඟානක් සාදනවා අම්මා එක්ක දුවට දෙනව එයා දුව එයාගේ යාළුවාට දෙනා යාළුවා ස්තුතියි කියලා කෑම පිඟාන  අරන් යනවා  ,6,2,3,11,44,73.33,Normal
9/24/2025 16:40:06,පිරිමි ළමයෙක් උදේම අවදි වෙනවා අවදිවෙලා ඊට පස්සේ පිරිමි ළමයා  මොන හෝදනවා පස්සෙම කෑම කනවා ළඊට පස්සේ ඉස්කෝලෙ යනවා,2,4,2,8,මුව පැටියෙක් උගුලකට අහුවෙලා ඉන්නවා ළමයි දෙන්නෙක් ඇවිල්ලා ඒ උගුල ගලවන්න ගලවන්න උත්සාහ කරනවා පැටියගෙ අම්මා බලන් ඉන්නවා ඊට පස්සේ ඒ දෙන්නා කැලේට යනවා,6,3,3,12,පිරිමි ළමයෙක්  අවදි වෙනවා ඊට පස්සේ දත් මදිනවා  පාසල් යන්න ලැහැත්ති වෙලා වෙලා අම්මටයි තාත්තටයි වදිනවා,4,3,4,11,අම්මදුවයි මේ අවුරුදු කෑම මේසයක් හදනවා ඊට පස්සේ අම්මා ගිහින් දෙනවා එයාගේ යාළුවට දෙන්න කියලා මොකක්ද එයාගේ යාළුව යාළුවා ගෙදර හොයාගෙන ගිහින් යාළුවට දෙනවා ,3,2,1,6,37,61.67,Average
9/24/2025 16:51:16,ළමයෙක් ඉන්නවා ඊට පස්සේ එයා මූන සෝදනව සෝදලා පාසල් ඇඳුමෙන් සැරසිලා  කෑම කාලා පොත්බෑග් එකත් අරගෙන වතුර බෝතලේ අතේ අරගෙන පාසල් යනවා,3,3,2,8,මුව පැටියෙක් කැලෙදි උගුලකට අහුවෙලා හිටියා ඊට පස්සේ ළමයි දෙන්නෙත් දැකලා මුව පැටියව බේරගත්තා එයාගේ අම්මා දැකලා  පැටියා එක්ක කැලේට ගියා,6,4,4,14,ළමයෙක් උදෙන්ම නැගිටලා නැගිටලා වතුර වීදුරුවක් බීලා දම්මැදලා දෙමාපියන්ට වැදලා පාසල් යනවා,3,4,3,10,යාළුවෙක්ගේ ගෙදරට කෑම පිඟානක් ගිහින් දෙනවා,2,2,1,5,37,61.67,Average
9/24/2025 16:58:09,උදේම නැගිටලා මූන සෝදලා කෑම කාලා  වතුර බෝතලේ අරගෙන පාසල් යනවා,1,4,2,7,මුව පැටියෙක් උගුලකට අහුවෙලා  ගෑණු ළමයෙකුයි පිරිමි ළමයෙකුයි බේරගත්තා ඒක අම්මා බලන් හිටියා ඊට පස්සේ දෙන්න කැලේට දිව්වා,8,4,4,16,උදේම නැගිටලා දත් මදිනවා මූණ සෝදනවා අම්මට වඳිනවා පාසල් යනවා ,1,4,2,7,අම්මා කැවිලි පිඟානක් අරගෙන දුවට දෙනවා යාළුවගේ ගෙදරට ගිහින් දෙන්න කියලා ,5,4,4,13,43,71.67,Normal
9/26/2025 6:57:16,මේ ළමයා උදෙන්ම නැගිටලා මූන සෝදලා ඉස්කෝලෙ යන්න කෑම කනවා කෑම කාලා බෑග් එකත් එල්ලගෙන වතුර බෝතලේත් අතේ අරගෙන ඉස්කෝලෙ යනවා,3,4,3,10,මුවෙක් උගුලකට අහුවෙලා ඉන්නවා ඊට පස්සේ ළමයි දෙන්නෙක් දැකලා මුවා ඒ මුවා බේරගන්නවා ඊට පස්සේ එයා දකිනවා එයාගේ මුව අම්මා ඊට පස්සේ මුව අම්මා පැටිය එක්ක යනවා,4,3,3,10,ළමයෙක් උදේ නැගිටලා දත් මදිනවා ඊට පස්සේ අම්මට වැඳලා එයා ඉස්කෝලේ යනවා,2,4,3,9,අම්මා ළමයට කවුම් පිගානක් දෙනව ඊට පස්සේ ඒ ළමයා අම්මා කියන දේ අහලා ගෙදරකට යනවා ඊට පස්සේ ඒ ගෙදර ළමයා දකිනවා එයා එනවා ඊට පස්සේ ඒ ළමයාට කවුම් පිගාන දෙනවා,4,2,2,8,37,61.67,Average
9/26/2025 7:14:39,ළමයෙක් උදෙන්ම අවදි වෙනවා එයා මුන හොදගෙන කෑම කනවා ඊට පස්සේ එයා වාතුර බොතලෙත් බෑග් එකත් අරගෙන පාසල් යනවා,3,4,3,10,මුවෙක්ව උගුලකට අහුවෙලා ඉද්දි ළමයි දෙනෙක් ඇවිල්ල එයාව බේරගන්නවා ඊට පස්සේ ඒ ළමයි දෙන්නා එයායගෙ අම්මට ගිහින් මුවාව දෙනවා ,4,2,1,7,ළමයෙක් උදෙන්ම නැගිටිනවා නැගිටලා දත් මැදල මූන හෝදලා පාසල් යන්න ලෑස්ති වෙලා අම්මට වැඳලා එයා පාසල් යනවා,2,4,4,10,අම්මයි යාළුවන්ට කැවුම් කොකිස් දෙන්න කියලා මේ කැවුම් කොකිස් දෙනවා ඊට පස්සෙ යාළුවගේ ගෙදර ගිහිල්ලා ඒ ටික දෙනවා,4,4,3,11,38,63.33,Average
9/26/2025 7:30:42,ළමයෙක් උදෙන්ම නැගිටිනවා මූණ හෝදනවා බත් කනවා පාසල් යනවා ,1,4,2,7,මේ මුවෙක් පැටලිලා ඉන්නවා දැක්කේ දකිනව ළමයි දෙන්නෙක් ඊට පස්සේ ළමයි දෙන්නා එය මුවා මේ මුව පැටියාව බේරගෙන අම්මගාවට යවලා මේ අම්මයි පැටියයි යවනවා,2,1,0,3,ළමයෙක් උදෙන්ම නැගිටලා දත් මැදලා මූණ හෝදලා අම්මටයි තාත්තටයි වැඳල පාසල් යනවා ,3,4,3,10,අවුරුද්දට අම්මා ළමයට කියනව මේව අහල පහළ ඉන්න ළමයි මේ අහලපහල ඉන්න ගෙදරකට දෙන්න කියලා ඊට පස්සේ එයා මේ වගේ ගිහිල්ලා ඒ ගෙදර ඉන්න ළමයට දෙනවා,2,3,1,6,26,43.33,Weak
9/26/2025 7:44:36,පිරිමි ළමයා උදෙන්ම නැගිටලා ඉක්මනින් මූන හෝදලා ඇඳුම් ඇඳගෙන කෑම කාලා හතට පාසල් යනවා,2,4,2,8,එක දවසක් පිරිමි ළමයෙකුයි ගෑනු ළමයෙකුයි කැලේ යනකොට මුවෙක් උගුලකට අහුවෙලා හිටියා දැක්කා ඊට පස්සේ දෙන්නා එකතුවෙලා ලනු කැබලි කපලා අගුලෙන් බේරගන්නවා ඊට පස්සේ මුවා අම්මා දුකින් බලාගෙන ඉන්නකොට පිරිමි ළමයයි ගෑණු ළමයයි මුව පැටියව මුව අම්මට භාර දීලා මුව පැටියයි මුවා අම්මා කැලේට සතුටින් යනවා,8,4,5,17,උදේ පාන්දරම පිරිමි  ළමයෙක් නැගිටලා වතුර එකක් බීලා දම්මදින්න යනවා දවසේ අම්මටයි තාත්තටයි වැදලා එයා සතුටින් පාසල් යනවා,4,4,3,11,අම්මා කෙනෙකුයි දුවෙකුයි සිංහල අවුරුදු අවුරුද්දට නෑදෑයන්ට කෑම බැදලා ඒ අම්මා දුවට ගිහින් දෙන්න කියලාා උඩ ගෙදරට පස්සෙ එයා ගිහින් දෙනවා ඇසූ දා ගෙදර ඉන්න ළමයා ළමයා ඒ කෑම එක සතුටින් ගන්නවා ,6,4,4,14,50,83.33,Normal
9/26/2025 8:48:29,"ළමයෙක් උදෙන්ම ඇහැරලා මූණ සෝදලා බත් කලා පාසල් යනවා
",1,4,1,6,"මුව පැටියෙක් අහුවෙලා ඉන්නවා දැකල ළමයි දෙන්නෙක් එයාව නිදහස් කරලා යවනවා 
",3,3,1,7,"ළමයෙක් උදෙන්ම නැගිටල දත් මැදල අම්මට වැඳලා ඉස්කෝලෙ යනවා
",2,4,2,8,"අම්මා කෑම පිඟානක් හදල යාලුවට දෙන්න කියල එයාගේ අතේ යවනවා
",4,3,4,11,32,53.33,Average
9/26/2025 8:49:32,"උදෙන්ම නැගිටිනවා ඊට පස්සේ මූණ හෝදනවා ඊට පස්සෙ ඇඳගෙන පාසල් යන්න කනවා ඊට පස්සේ පාසල් යනවා 
",0,4,2,6,"මුව පැටියා එකටම පැටලෙනවා ඊට පස්සේ ළමයි දෙන්නා බේරගන්නවා ඊට පස්සේ අම්මා දකිනවා ඊට පස්සේ ඒ දෙන්න යනවා
",4,3,2,9,"උදේම නැගිටිනවා ඊට පස්සේ වතුර බොනවා ඊට පස්සේ දත් මැදලා අම්මට වැදලා පාසල් යනවා
",1,4,3,8,"කෑම පිඟානකට කෑම තියෙනවා ඊට පස්සේ ඒක ළමයට දෙනවා ඊට පස්සේ ළමයා ගිහිල්ලා පොඩි නංගි කෙනෙක්ට දෙනවා ඒක
",5,4,4,13,36,60.00,Average
9/26/2025 8:50:12,"ළමයෙකුයි ළමයෙක් උදෙන්ම නැගිටලා සෝදන්න ගියා මූණ සෝදලා ඉවර වුණාට පස්සේ ළමයා කෑම කාලා ඉස්කෝලේ යන්න පිටත් වුනා
",1,4,1,6,"මුවෙකුයි ළමයි දෙන්නෙකුයි ඉන්නවා ඒ ළමයි දෙන්නා මුව පැටියෙක් අල්ලගන්නවා මුව අම්මා බලන් ඉන්නවා අඬ අඬ ළමයි දෙන්නා මුවා අම්මා අල්ලගන්නකං ඊට පස්සේ ලෙහලා ළමයි දෙන්නා මුව අම්ම එක්ක අරිනවා 
",2,2,0,4,"ළමයෙක් උදෙන්ම නැගිටලා දත් මැදලා ලෑස්ති වෙලා අම්මට වැඳලා පාසල් යන්න සූදානම් වෙනවා 
",2,3,4,9,"අම්මයි දුවයි ඉන්නවා අම්මා අවුරුද්දට උඩහගෙදරට කැවිලි අරන් යන්න කියලා අරන් යන්න කියලා පිරිසියකට  දලා දෙනවා වහලා ඊට පස්සේ උඩහගෙදර යාළුවට ගිහින් දෙනවා
",4,3,2,9,28,46.67,Weak
9/26/2025 8:50:52,නැගිටිනවා මූන හෝදනවා කනවා පාසල් යනවා ,0,4,1,5,"මුවා ඉන්නවා අම්මෙක් ඉන්නවා
",2,0,0,2,දත් මදිනවා පාසල් යනවා පාසල් යනවා,0,2,1,3,කෙසෙල් කනවා වඳිනා වඳිනවා ,0,0,0,0,10,16.67,Weak
9/26/2025 8:51:49,"උදේම නැගිටලා  පිරිමි ළමයෙක් මූන කට  සෝදලා කෑම කාලා පොත්බෑගයක් අරන් ඉස්කෝලය වතුර බෝතලයකු තරම් ඉස්කෝලෙ යන්න  පටන් ගත්තා
",4,4,2,10,"ළමයි දෙන්නේ ගැහැණු ළමයෙකුයි පිරිමිලාමයකුයි දැක්කා මුව පැටියෙක් උගුලකට අහුවෙලා ඉන්නවා ඒ ළමයි දෙන්නා උගුලෙන් බේරගත්තා ඊට පස්සේ මුව අම්මා දැක්කා ඒ දෙන්නා ගියා
",9,4,4,17,"උදෙන්ම නැගිටලා පිරිමි ළමයෙක් මූණ කට සෝදලා දෙමව්පියන්ට වැඳලා පාසල් යන්න ගියා
",4,4,4,12,අවුරුද්දට කැවිලි අම්මා සාදලා  දුව කිව්වා එහා ගෙදර නංගිටත් ගිහින් දෙන්න ඕන කියල පස්සෙ අම්මා එයාට කැවුණුයි කොකිසුයි කෙසෙල් කෙසෙලුයි දාලා දුන්නා ගිහින් දෙන්න කියලා ඊට පස්සේ එයා ඒක එහා ගෙදර නංගිට ගිහින් දුන්න,6,4,5,15,54,90.00,Normal
9/26/2025 9:44:00,"උදෑසනම නැගිටලා මූණ සෝදලා ආහාර කන්න පටන් ගත්තා වතුර බෝතලයයි බෑග් එකයි අරගෙන පාසල් යන්න පිටත් වුනා
",2,4,2,8,"මුව පැටියෙක් උගුලකට අහුවෙලා ඉන්නවා ළමයි දෙන්නෙත් දැක්කා ඒ උගුලෙන් මුව පැටියා බේරගත්තා එයාලගේ අම්ම දැක්කා මුව පැටියාව බේරගත් බව ඊට පස්සේ එයාලා පිටත් වුනා
",5,4,2,11,"ළමයෙක් වතුර වීදුරුවක් දීලා දත් මදින්නට පටන් ගත්තා ඊට පසු අම්මටයි තාත්තටයි වැඳලා පාසල් යන්නට පිටත් වුණා
",3,3,3,9,"අම්මා රස කැවිලි සාදා නංගිට දුන්නා එහා ගෙදර අක්කාට ගිහින් දෙන්න කියලා
",5,3,2,10,38,63.33,Average
9/26/2025 9:47:09,"ළමයෙක් පිරිමි ළමයෙක් උදෙන්ම නැගිටලා මූණ සෝදල කෑම කාලා පාසල් යන්න ලෑස්ති වෙලා පාසල් යනවා
",2,4,2,8,"මුව පැටියෙක්  උගුලක අහුවෙලා ඉන්නාවා පිරිමි ළමයකුයි ගෑනු ළමයෙකුයි ඇවිල්ලේ මුව පැටියව බේරගන්නා එයාගේ අම්මා දුකින් එයා  ඒ දිහා බලාගෙන ඉන්නවා පැටියයි මුවාමමයි සතුටින් කැලේට 
",9,4,5,18,පිරිමි ළමයෙක් උදෙන්ම නැගිටලා වතුර බීලා දත කට මැදලා අම්මට වැඳල පාසල් යනවා,3,4,3,10,"අවුරුදු කාලෙ ආව නිසා එයාගේ අම්මා එහා ගෙදරට දෙන්න කියලා රස කැවිලි කිහිපයක් දෙනවා ළමයයි ඊට පස්සේ ඒක එහා ගෙදර ගෙනාට ගිහින් දෙනවා
",4,3,3,10,46,76.67,Normal
9/26/2025 9:47:44,"ළමයෙක් උදෙන්ම නැගිටලා මූනසෝදලා පාසල් යන්න ලෑස්ති වෙලා කෑම කාලා බෑග් එකයි වතුර බෝතලේ අරගෙන  පාසලට යනවා
",3,4,3,10,"පිරිමි ළමයෙකුයි ගෑණු ළමයෙකුයි දකිනවා මුව පැටියෙක් උගුලකට අහුවෙලා ඉන්නවා ඒ ගෑනු ළමයයි පිරිමි ළමයයි මුව පැටියාව බේරගන්නවා ඒක දකිනවා මුව පැටියගේ අම්මා ඊට පස්සේ මුව පැටියයි අම්මයි සතුටින් කැලේට යනවා
",9,4,5,18,"පිරිමි ළමයෙක් උදෙන්ම නැගිටලා දත කට මැදලා දෙමව්පියන්ට වැඳලා පාසල් යනවා
",4,4,3,11,"අවුරුදු කාලෙ උදාවුණා ඊට පස්සේ කැවිලි බෙදන්න කියලා අම්මා කැවිලි පිඟානක් හදල දුන්නා ඊට පස්සේ ඒ ළමයා ඒ කැවිලි පිඟාන එයාගේ යාළුවගේ ගෙදරට ගිහිල්ලා දුන්නා
",6,4,5,15,54,90.00,Normal
9/26/2025 9:48:22,"ළමයෙක් උදෙන්ම නැගිටලා මූණ සෝදලා බත් කාලා පාසල් යනවා
",1,4,2,7,"
මුව පැටියෙක් මනුස්සයෙක් උගුලකට අහුකරලා ළමයි දෙන්නෙත් මුව පැටියව බේරගෙන මුව පැටියව එයාගේ අම්මට භාරදීලා මුව පැටියයි අම්මයි සතුටින් ගියා
",5,3,2,10,"ළමයෙක් උදෙන්ම නැගිටලා  දත් මැදලා අම්මාටත් තාත්තාටත් වැදලා පාසල් යනවා
",3,4,3,10,"අවුරුද්දට කෑම හදලා අම්මා එහා ගෙදර යාලුවන්ඩත් දෙන්න කියලා එයාගේ ළමයාට කියනවා ළමයා ළමයා ගිහිල්ලා එහා ගෙදර ළමයා සමග බෙදා ගත්තා
",3,2,2,7,34,56.67,Average
9/26/2025 9:48:56,"පිරිමි ළමයෙක් පිරිමි ළමයෙක් උදෑසනම නැගිටින මූනසෝදා රසවත් කෑම බෙදාගෙන වතුර කෝප්පයක් ළඟ තියාගෙන කෑමකාම වතුර බෝතලයෙහි බෑග් එකයි අරගෙන පාසල් යෑම
",4,4,3,11,"එකමත් කැලයක මුවෙක් හිටියා ඒ මුවායි උගුලකට අහුවෙලා පිරිමි ළමයෙකුයි ගෑල්ලමයෙකුයි බේරගත්ත පස්සේ ඒ උගුලේ ලණුවත් ගලෝලා ඒ ළමයි දෙන්න එයාව බේරලා ඒ දේ අම්ම දැක්ක අම්මයි මුවයි කැලේට ගියා
",7,4,3,14,"උදැසනම පිරිමි ළමයෙක් නැගිට දත් මැද මූන සෝදා අම්මට වැඳ පාසල් යෑම
",3,4,3,10,"අම්මා දුවට කවුම් කොකිස් කෙසෙල් ලමයෙක්ට දුන්නා දුව ගිහින් නන්ගිට දුන්නා එ නන්ගි ඒක අරගෙන ඉස්තුති කරල ඒක පිලිගත්තා
",5,3,4,12,47,78.33,Normal
9/26/2025 13:19:07,ළමයෙක් උදේම නැගිටලා මුන සෝදලා බත් කාලාම පාසල් ගියා,1,4,2,7,"මුවෙකු සිටින දෙස ළමයි දෙන්නෙක් බලා සිට ඒ මුවාව නිදහස් කර අම්මා ළඟට ගිහින් දෙයි  
",3,1,0,4,"ළමයෙක් උදෙන්ම අවදිවී දත් මැදල දෙමව්පියන්ට වැඳල පාසල් ගියා
",3,4,3,10,"අම්මා අවුරුද්දට ගෙදරකට කැවිලි දීමට කැවිලිදී ඒ ළමයා කැවිලි දුන්නා
",4,3,2,9,30,50.00,Average
9/26/2025 13:19:47,ළමයෙක් උදෑසනම නැගිට මූණ සෝදාම කා පාසල් යයි,1,4,2,7,"උගුලට අහුවී සිටිනවා ළමයි දෙන්නෙක් දැක්ක උගුලේ හා ළමයි දෙදෙනා මුවාව සුරතල් කර කර සිටිද්දී අම්මා දැක අම්මයි මුවයි සතුටින් යයි
",3,3,1,7,"ළමයෙක් උදෑසනම නැගිට දත් මැද දෙමාපියන්ට වැඳ පාසල් යැයි
",3,4,3,10,"සිංහල අවුරුදු උදාවෙලා අම්මා දුවට කෑම කැවිලි දුන්නා දුව යහළුවන්ට කැවිලි දුන්නා
",4,3,2,9,33,55.00,Average
9/26/2025 13:20:25,"ළමයෙක් උදේ පාන්දර නැගිටිනවා ඊට පස්සේ නැගිටලා මූණ හෝදනවා ඊට පස්සේ ලෑස්තිවෙලා කනවා  කාලා  ඉස්කෝලෙ යනවා
",1,4,3,8,"ළමයි දෙන්නෙක් දකිනවා මුව පැටියෙක් උගුලකට අහුවෙලා ඉන්නවා ඊට පස්සේ ඒ ළමයි දෙන්න එයා බේරගන්නවා ඊට පස්සේ මුව අම්මා දකිනවා පැටියා ළමයි දෙන්න ගාව ඉන්නවා කියලයා පස්සේ ළමයි දෙන්න පැටියාව දීලා  ඒ දෙන්නා කැලේට යනවා
",6,4,2,12,"ළමයෙක් උදේ පාන්දර නැගිටිනවා ඊට පස්සේ දත් මදිනවා ඊට පස්සේ ලෑස්තිවෙලා අම්මට තාත්තාට වදිනවා ඊට පස්සේ ඉස්කෝලෙ යනවා
",3,4,4,11,"
කැවිලි හදලා මේකට තියනවා ළමයා දකිනවා ඊට පස්සේ ළමයට රස කැවිලි දීල මේක යාළුවට දෙන්න කියලා දෙනවා ළමයා යනවා යාළුවගේ ගෙදර යාළුවට දෙනවා
",3,2,1,6,37,61.67,Average
9/26/2025 13:21:04,"පිරිමි ළමයෙක් උදෙන්ම නැගිටලා මූන හෝදලා ලෑස්තිවෙලා කෑම කාලා පොත් බෑග් එක අරගෙන පාසල් යනවා
",3,4,4,11,"මුව  පැටියෙක් උගුලකට අහුවෙලා ඉන්නවා ගෑනු ළමයෙකුයි පිරිමි ළමයෙකුයි දකිනවා ඒ ගෑනු ළමයයි පිරිමිලාම යයි මුව පැටියව බේරගන්නවා ඊට පස්සේ මුව අම්ම එයාල දිහා බලාගෙන ඉන්නවා මුව  අම්ම පැටියත් එක්ක කැලේට යනවා
",9,4,4,17,"
පිරිමි ළමයෙක් උදෑසනම නැගිටලා දත කට මැදලා දෙමව්පියන්ට වැඳලා පාසල් යනවා
",4,4,3,11,"පුංචි ළමයෙක් බලන් ඉන්නව අම්ම රස කැවිලි පිඟානක් හදනව අම්මා කියනවා ඒකයාගේ යාළුවට ගෙනිහිල්ල දෙන්න කියලා ඊට පස්සේ එයා ඒක යාළුවට ගෙනිහින් දෙනවා 
",6,4,5,15,54,90.00,Normal
9/26/2025 13:21:41,"පුංචි ළමයෙක් උදේම නැගිටලා උදේම නැගිටිනවා එයා එපාසල් යාම සඳහා මූණකට සෝදනවා පාසල් ඇඳුම ඇඳගෙන කෑම කනවා පොත්බෑගෙ සහ බෝතලේ අරගෙන පාසල් යනවා
",3,4,4,11,"මුව පැටියෙක් උගුලකට අහුවෙලා  තියෙනවා ඒක පුංචි පිරිමි ළමයෙකුයි ගෑණු ළමයෙකුයි දකිනවා ඊට පස්සේ එයාව ලෙහනවා ඊට පස්සේ ඒක ඒ මුව පැටියගෙ අම්මා දකිනවා ඊට පස්සේත් එයාගේ අම්මා ඒ පැටියවත් අරගෙන යනවා
",9,4,4,17,"ළමයෙක් උදේම නැගිටි උදේම නැගිටිනවා පාසල් යෑම සඳහා ඊට පස්සේ දත් මැදලා මූන කට හෝදගන්නව ඊට පස්සේ දෙමව්පියන්ට වැඳලා සතුටින් පාසල් යනවා 
",3,4,4,11,"අම්මා  අවුරුද්දට අනිත් ගෙවල්වලට අනිත් එයාගේ යාළුවන්ට බෙදීම  සඳහා බෙදන්න කෑම දෙනවා ඒ ළමයා ඒවා අරගෙන අනිත් යාලුවගෙ ගෙදරට යනවා ඒ ළමයත් සතුටන් ඒ ආහාර ගන්නවා
",4,2,2,8,47,78.33,Normal
9/26/2025 13:22:22,"ළමයෙක් උදෑසනම නැගිටලා පාසල් යාම සඳහා මුහුණ සෝදලා  උදේ ආහාර අරගෙන සතුටින් පාසල් යනවා
",1,4,4,9,"මුව පැටියෙක් උගුලට අහුවෙලා ඉන්නවා දකින  ගැහැණු ළමයෙකුයි පිරුණු ළමයෙකුයි ඊට පස්සේ මුවාව ලෙහලා ලෙහනවා ඊට පස්සේ ලෙහලා බේරගන්නවා බේරගෙන ඊට පස්සේ  එයා එයාගේ බේරෙනව එයාගේ අම්ම දැකල පැටියාව සතුට 
",8,3,3,14,"ළමයෙක් උදෑසනම නැගිටලා මුහුණ සෝදලා දෙමව්පියන්ට වැඳලා සතුටින් පාසල් යනවා
",3,4,3,10,"අවුරුද්දට කැවිලි හදලා අසල්වැසියා අසල්වැසියන්ට දීම සඳහා ළමයාට රස කැවිලි ටික දෙනවා ළමයා යාළුවන් යාලුවන්ටත් දී සතුටින් බෙදා ගන්නවා 
",3,3,2,8,41,68.33,Average
9/26/2025 13:23:05,"ළමයෙක් උදෙන්ම ඇහැරිලා මූන ශෝද ගන්නවා ඊට පස්සේ පාසල් යන්න සැරසිලා බත් කනවා ඊට පස්සේ පොත්භාගේ ලෑස්ති කරගෙන වතුර බෝතලයක් අරගෙන ඔහු පාසල් යනවා
",3,4,4,11,"මුව පැටියෙක් උගුලකට අහුවෙලා ඉන්නවා ඊට පස්සේ ළමයි දෙදෙනෙක් ඇවිත් යාව බේරගත්තා ඊට පස්සේ මුව පැටියාගේ අම්මා බලාගෙන ඉන්නවා ඊට පස්සේ මුව පැටියේා අම්මා සමග කැලෑවට යනවා 
 ",6,4,3,13,"ළමයෙක් උදෙන්ම ඇහැරිලා වතුර කෝප්පයක් දීලා දත් මැදගන්න යනවා ඊට පස්සේ දත් මැදගෙන ඉවරවෙලා ඔවුහු පාසල් යන්න ලෑස්ති වෙන්න යනවා ඊට පස්සේ අම්මටයි තාත්තටයි වැඳලා පාසල් යනවා
",3,4,4,11,"අම්මා රස කැවිලි හදනවා මම අම්මාට කිව්වා අම්මේ මාත් යාළුවාට රස කැවිලි ගිහින් දෙන්නම් කියලා අම්මා හා කිව්වා ඊට පස්සේ මම එයාට ගිහින් දෙන්න රස කැවිලි පීගාන සකස් කරගෙන ඔහුට ගිහින්  දුන්නා
",6,3,4,13,48,80.00,Normal
9/26/2025 13:23:47,ළමයෙක් නිදියගෙන නැගිට සතුටින් එළිය බැලුවා,1,1,0,2,"හරකෙක් ලණුව කඩාගෙන ගොස් දුවගෙන යනව ළමයි දෙන්නෙක් අල්ලගෙන ඉන්නවා පැටියව ළමයෙක් අල්ලගෙන දෙන්න සතුටින් ඉන්නවා 
 ",0,0,0,0,"දරුවෝ ළමයෙක් හිරු පාය තෙක් නැගිට දත් මැද මූනකට සෝදා අම්මට වැඳ පාසල් යනවා
",2,4,3,9,"කෑම කන්න කෑම එකක් බෙදා එක්කෙනෙක්ට ගිහින් දෙන්න යනවා
",1,2,1,4,15,25.00,Weak
9/26/2025 13:24:25,"ළමයෙක් උදෑසනම අවදි වී මූණ කට සෝදා උදෑසන ආහාරය ගැන පාසල් පාසල වෙත පිය නගති
 ",1,4,2,7,"ළමයි දෙන්නෙක් මුව පැටියෙක් මද්දක පැටලී සිටිනවා දැක ඔවුන් දෙදෙනා මුව පැටියා බේරගෙන මුව පැටියාගේ මව් තුමියට භාරදී ඔවුන් දෙදෙනා යන ආකාරය බලා සිටි
",7,3,3,13,"ළමයෙක් උදෑසනම අවදි වී මූණ කට සෝදා අම්මට වැඳ පාසල වෙත යයි
",2,4,3,9,"අම්මා ළමයාට කැවිලි පිඟානක් දී ළමයා ඒ කැවිලි පිඟාන ගෙන යාළුවාගේ ගෙදරට ගොස් යහළුවාට දෙයි  
",4,3,2,9,38,63.33,Average
9/26/2025 13:25:04,උදේම නැගිට්ටා මුන සොදා කෑමකා පාසල් යනවා,0,4,1,5,දවසක් කැලේට ගොස් එළුවෙක් උගුලට අහුව වී එවිට එයාව නිදහස් කරනව,0,0,0,0,උදේම නැගිටා වතුර වීදුරුවක් බිලා අම්මට තා අම්මට වැඳලා පාසල් යනවා,1,3,2,6,යාලුවෙක් කවිලි ටිකක් අරගෙන ගොස් යලුවාට දීම,3,2,1,6,17,28.33,Weak
9/26/2025 13:26:41,"ළමයෙක්  උදෑසනම  නැගිටිමින් මුහුණ සෝදාල දත් මැද පාසල් යෑමට සූදානම් වී පාසල් ඇඳුමෙන් සැරසී බත්කා වතුර බී පාසල් යෑමට පොත් බෑගේ ද වතුර බෝතලේ ද රැගෙන පාරේ ගමන් කරති
",3,3,2,8,"ළමයින් දෙදෙනෙක් කැලේ ගමන් කරන විට උගුලකට හසුවී සිටි මුව පැටියෙක් දකී ළමයි දෙදෙනා මුව පැටියා බේරාගෙන මුවු පැටියාගේ අම්මාට ඔහුව බාර දී සතුටින් මුව පැටියා මුව අම්මා යන කැලේ දෙසට යන දිසා දිහා සන්න්තෝසෙන් බලා සිටී
",7,3,3,13,"ළමයෙක් උදෑසන අවදි වී දත් මැද මූනසෝදා දෙමව්පියන්ට වැඳ  පොත් බෑගයද රැගෙන පාසල් යති 
",4,4,4,12,"අම්මා කෙනෙක් තම දරුවාට රස කැවිලි කිහිපයක් සාදා දුන්නා ඒත් ඒ දරුවා තම  යහළුවාගේ ගෙදරට ගෙන ගොස් ඒ යාළුවාට රස කැවිලි ටික දුන්නා
",4,3,2,9,42,70.00,Normal
9/26/2025 13:27:16,"පිරිමි ළමයෙක් උදේම අවදි වෙනවා පිරිමි ළමයා උදේම මූන සෝදනවා  ඊට පස්සේ පිරිමි ළමයා උදේ වේලට කෑම කනවා ඊට පස්සේ ඒ පිරිමි ළමයා පාසල් යන්නට පිටත් වෙනවා
",2,4,2,8,"ළමයි දෙදෙනෙක් කැලෑවක ගමන් කරමින් කරමින් සිටිද්දී ඒ අසල ගසක මුව පැටියේ ලණුවකින් ගැටගසා තිබේ  ඒ ළමයි දෙදෙනා එය මුව පැටියව ලෙහලා නිදහස් කෙරිණි  ඊට පසු ඒ එළු පැටියගෙ අම්මා ඒ දෙස බලන් සිටි  ඊට පසු මුව පැටියගේ අම්මා මුව පැටියා සමග කැලේ දෙසට ගමන් කරයි
",4,3,3,10,"පිරිමි ළමයෙක් පාසල් යන්නට උදෙන්ම අවදි වුණේ  ඒ ළමයා උදෙන්ම මූන හෝදන්න පිටත් වුනා ඒ ළමයා පාසල් යන්නට කලින් ඔහුගේ අම්මට තාත්තට වදියි ඊට පසු ඔහු අම්මාට සහ තාත්තාට බායිකයන් පාසල දෙසට ගමන් කරයි 
",4,4,4,12,"අම්මා ළමයට කෑම අවුරුදු රස කැවිලි හදනවා එයාගේ යාළුවට ගෙනැත් දෙන්න  එයා යාලුවගෙ ගෙදරට ගියා ඊට පස්සේ එයාට දුන්න 
",3,2,1,6,36,60.00,Average
9/26/2025 13:29:08,"ළමයෙක් උදෑසනම නැගිටලා මූණ සෝදලා ආහාර  ආහාර අරගෙන පාසල් යයි
",1,4,3,8,"ළමයි දෙන්නෙක් මුව පැටියෙක් ගැට ගසා සිටින අයුරු දැක්කා ළමයි දෙන්නා මුව පැටියව බේරගත්තා ළමයි දෙන්නා දැක්කා එයාගේ අම්මා එතනට වී අඩමින් සිටිනවා ඉන්පසු ඒ දෙන්නා සතුටින් ඉන්නවා
",5,3,1,9,"ළමයෙක් උදෑසනම නැගිට්ට දත් මැද අම්මටයි තාත්තටයි එවැන්දල පාසල් යනවා
",3,4,3,10,"සිංහල අලුත් අවුරුද්දට අම්මා කැවුම් සාදා  ඒක ළමයාට දී ළමයා යාළුවාට දී ඊට පස්සේ යාළුවා සතුටින් ඒක කයි
",3,3,2,8,35,58.33,Average
9/26/2025 13:29:42,"පුංචි පිරිමි ළමයෙක් උදෑසනම අවදි වී මූන සෝදලා ඉස්කෝලෙ යන්න සැරසිලා උදේ ආහාරයා අරන් පොත් බෑග්ගෙත් අරන් වතුර බෝතලෙත් අරන් පාසල් යනවා
",4,4,5,13,"පුංචි ළමයි දෙන්නනෙක් ගමනක් යද්දි පුංචි මුව පැටියෙක් උගුලකට අහුවෙලා ඉන්නවා දැක්කා ඒ දෙන්නා පුංචි පැටියව බේරගත්තා ඊට පස්සේ අම්මා ඉන්න හරියෙන් ඒ පැටියව තිබ්බා ඊට පස්සේ අම්මයි පැටියයි සතුටින් කැලේට ගියා
",5,4,2,11,"පුංචි පිරිමි ළමයෙක් උදෙන්ම අවදිවෙලා මූන සෝදගෙන පාසල් යන්න ලෑස්ති වෙලා අම්මට වැඳලා අම්මටයි තාත්තටයි වැඳලා පොත් බෑග් එකත් කරේ දාගෙන පාසැල් යනවා
",5,4,5,14,"අලුත් අවුරුද්දට අම්මා කැවිලි හදල තියෙනවා අම්මා පුංචි දුවට දෙනවා ඒක ගිහින් දෙන්න කියලා නෑදෑයින්ට ඊට පස්සේ ඒක ගිහින් දෙනවා ඊට පස්සේ නෑදෑයන්  එක සතුටින් ගන්නවා
",5,4,4,13,51,85.00,Normal
9/26/2025 13:30:18,"උදෑසනම අවදිවෙයි මුහුණ සොල්දා ආහාර ගෙන පාසලට යයි
",0,4,2,6,"ළමයි දෙන්නෙක් ගැට ගහලා ඉන්න මුව පැටියෙක් දකිනවා ඒ දෙන්න අය මුව පැටියව ලෙහනවා මුව පැටියව අල්ලන් ඉන්නකොට මුවදෙනක් අඬනවා දකිනවා ඊට පස්සේ මුව පැටියව මුවදෙන සමග යවනවා 
",5,3,2,10,"ළමයෙක් උදෑසනම අවදිවෙයි දත් මැද මූන සෝදා දෙමවුපියන් වැඳ පාසැලට යයි
",3,4,3,10,"අම්මා කෙනෙක් ළමයෙක්ට රස කැවිලි දෙයි ළමයා තවත් ගෙදරකට ගොස් එහි සිටි ළමයාට දෙයි ඔවුන් දෙදෙනා සිනාසෙයි
",2,2,2,6,32,53.33,Average
9/26/2025 13:30:52,"ළමයෙක් නිදාගෙන ඉන්නවා ඉර පායනවා නානවා මූන හෝදනවා ගස් තියනවා ළිඳක් තියනවා කෑම කනවා වතුර එකක් තියනවා ඉස්කෝලෙ යනවා
",1,3,2,6,"මුවෙක්ව අල්ලගෙන දඩයම් කරනවා ළමයි දෙන්නෙක් මුව පැටියව අල්ලන් ඉන්නවා දුකෙන්
",3,0,0,3,"ළමයෙක් නිදියගෙන ඉඳලා නැගිටිනවා දත් මදිනවා අම්මට වන්දිනවා පාසල් යනවා
",2,4,3,9,"ළමයෙක් ඉන්නවා අම්ම කෙනෙක් කෑම එකක් දෙනව ළමයෙක් කෑම එකක් දෙනවා ළමයෙක් කෑම එකක් දෙනවා
",1,1,0,2,20,33.33,Weak
9/26/2025 13:31:23,"සවින්ඳු උදෑසනම නැගිටගෙන මූන කට සෝදාගෙන දිවා ආහාරයගෙන පාසල වෙත යයි
",0,3,2,5,"මුව පැටියා තුවාල වෙලා ඉන්න මුව පැටියා නංගි මල්ලි ගෙදර අරගෙන ගොස් ඔහුගේ තුවාලය වෙළුම් පටිවලින් ඔත්ා අම්මා සමඟ සතුටින් කැලේට යයි
",2,1,0,3,"සවින්ඳු උදෑසනම නැගිටගෙන මූන කට සෝදාගෙන දෙමව්පියන් වැඳ පාසල වෙත යයි
",3,4,3,10,"රසුරිගේ අම්මා කැවිලි පිගානක් දී එය තම යාලුවට දෙන ලෙස පවසයි රසුරි යලුවගෙ ගෙඩරට ගොස් කතා කර තම යලුවාට දෙයි
",4,3,4,11,29,48.33,Weak
9/26/2025 13:31:59,"උදේසනම පාසල් යනවා උදෙන්ම අවදි වෙලා කෑම කනවා උදෙන්ම නානවා 
",0,2,1,3,"මුව පැටියා පැටියා එක්ක සෙල්ලම් කරනවා
",2,0,0,2,"උදාසනින්ම වතුර බොනවා උදැසනින්ම පාසල් යනවා උදාසනින්ම දත් මදිනව උදෑසනින්ම අම්මට වඳිනවා උදාසනින්ම දත් මදිනව
",1,3,2,6,"අම්මා නංගිට රස කැවිලි දුන්නා කැවිලි  රස කැවිලි ගෙනියන්න දුන්නා
",1,1,0,2,13,21.67,Weak
9/26/2025 13:32:33,"ළමයෙක් උදේම නැගිටිනවා  ඊට පස්සේ මූණ හෝදනවා ඊට පස්සේ ඉස්කෝලෙ යන්න ලෑස්තිවෙලා උදේ ආහාරය ගන්නවා ඊට පස්සේ සතුටින් ඉස්කෝලෙ යනවා
",1,4,3,8,"ළමයි දෙන්නෙක් මුව පැටියෙක් ලණුවකින් බැඳලා තියෙනවා දකිනවා එය ළමයි දැන් නම් මුව පැටියව ලෙහන්න උත්සාහ කරනවා  ඊට පස්සේ මුව පැටියව ලෙහනවා ළමයි දෙන්නත් සතුටින් ඊට පස්සේ මුව පැටියයි අම්මයි කැලේට යනවා
",5,3,1,9,"ළමයෙක් උදේ පාන්දරම නැගිටලා වතුර වීදුරුවක් ළඟ ඉන්නවා ඊට පස්සෙ දත් මදිනවා ඊට පස්සෙ දෙමව්පියන්ට වැඳලා පාසල් යන්න සූදානම් වෙනවා  ඊට පස්සේ ඒ ළමයා පාසල වෙත යනවා
",3,4,3,10,"අම්මයි ළමයයි උත්සවයක්කදී කෑම මේසයක් ළඟ ඉන්නවා  ඊට පස්සේ අම්මා තවත් ළමයෙක්ට කෑම පිඟානක් තමන්ගේ ළමයා අතේ යවනවා  ඊට පස්සේ ළමයා කෑම පිඟාන ගෙනිහින් අනිත් ළමයට සතුටෙන් දෙනවා 
",4,2,2,8,35,58.33,Average
9/26/2025 13:48:25,"පිරිමි ළමයෙක් උදේම අවදිවෙලා ඉන්නවා මූණ සෝදනවා ඊට පස්සේ පාසල් යන්න සැරසිලා ඊට පස්සේ පොත් බෑග් එකත් පිටේ එල්ලගෙන වතුර බෝතලේ අතේ අරගෙන පාසල් යනවා 
 ",4,3,3,10,"පුංචි මුව පැටියෙක් උගුලට අහුවෙලා ඉන්නවා පිරිමි ළමයෙකුයි ගෑනු ළමයෙකුයි දකිනවා ඒ දෙන්නා එකතුවෙලා ඒ මුව පැටියාව බේරගන්නවා ඊට පස්සේ මුවපැටියාව බේරගෙන අරගෙන එනවා. මුව පැටියගෙ අම්මා එයාල දිහා බලාගෙන ඉන්නවා ඊට පස්සේ මුවمන් කැළේට යනවා
",9,4,4,17,"පුංචි පිරිමි ළමයෙක් උදේම අවදිවෙලා ඉන්නවා  එයා දත් මදිනව ඊට පස්සේ මුහුණ සෝදලා පාසල් යන්න සැරසිලා අම්මටයි තාත්තටයි වැඳලා පොත් බෑග් එකත් පිටෙ එල්ලගෙන පාසල් යනවා
",5,4,5,14,"පුංචි ගෑණු ළමයෙක් අම්මා කැවිලි පිඟානක් හදන හැටි බලාගෙන ඉන්නවා එයාගේ අම්මා කැවිලි පිඟන එයාගේ අතට දෙනවා එයාගේ යාළුවට ගිහින් දෙන්න කියලා පුංචි ගෑනු ළමයාගේ යාළුවගේ ගෙදරට යනවා එයාගේ යාළුවට කැවිලි පිඟාන  දෙනවා
",6,4,5,15,56,93.33,Normal
10/7/2025 6:14,මම උදේම අදි අවදි වෙනවා මම මූණ සෝදනවා මම මේ කෑම කනවා මම ඉස්කෝලේ යනවා,0,3,1,4,"අපි යනකොට දැක්කා මුවෙක් පැටලිලා ඉන්නවා ඒ මුවාගේ ඇඟේ තිබුණ පටිය ලෙහල දැම්මා  එයා එයාට අපි එයාගේ ඇඟට අපි අත ගෑවා
",2,1,0,3,"මම උදේම අවදි වෙනවා මම උදේම මූණ සෝදලා දත් මදිනවා අම්මට පා වැඳ ඉස්කෝලෙ යනවා
",0,4,3,7,"අම්ම කිව්වා කෙසෙල් ටික නෑ නෑ කැවුම් ටික ආච්චිට දෙන්න කියලා මම ඒක අරං යාළුවගෙ ගෙදර ගිහිල්ල යාළුවට දුන්නා  
",1,2,0,3,17,28.33,Weak
10/7/2025 6:14,"මම උදෙන්ම අවදි වෙනවා මම මූණ සෝදනවා මම කෑම කනවා මම පාසැල් යනවා
",0,2,1,3,"ළමයි දෙන්නෙක් මුව පැටියෙක් ගැටගහලා කවුරු හරි ගැට ගහලා ඉන්නවා දැකලා  ළමයි දෙන්න එක ලිහුවා එතනින් අම්මා අඬ අඬ ඉන්නවා ඊට පස්සේ ළමයි දෙන්නා අම්මව අඬන එක දැකලා අම්මට මුව පැටියව දුන්නා 
",5,3,2,10,"ළමයෙක් උදෙන්ම අවදි වෙනවා ළමයා දත් මදිනවා  ළමයා අම්මට තාත්තට වැඳ පාසල් යනවා
",3,4,3,10,"අම්මා අවුරුද්දට කැවිලි හැදුවා  අම්මා ළමයාගේ අතින් යලුවන්ගේ ගෙදරට ගෙනියව්වා
",2,1,0,3,26,43.33,Weak
10/7/2025 6:15,"ළමයා උදෙන්ම අවදි වෙනවා උද්දෙන්ම මූන සෝදනවා උදෙන්ම කෑම කනවා ළමයා උදෙන්ම පාසල් යනවා
",1,4,2,7,"මුව පැටියයි අම්මයි කැලේට යනවා
",3,1,0,4,"අම්මාට ළමයා වඳිනවා ළමයා උදෙන්ම වතුර වීදුරුවක් බොනවා ළමයා දත් මදිනවා ළමයා පාසල් යනවා
",2,3,2,7,"අම්මා ළමයාට කෑම හදලා දෙනවා අම්මා ළමයාට කෑම එක ගෙනියන්න වෙනවා ළමයා තව යාලුවෙක්ට දෙනවා කෑම 
",2,2,0,4,22,36.67,Weak
10/7/2025 6:16,"උදේම ළමයෙක් නැගිටිනවා ඒ ළමයා මූණ සෝදනවා පාසල් යන්න ලෑස්තිවෙලා කෑම කනවා ළමයා පාසැල් යනවා 
",1,4,2,7,"මුව පැටියා
",2,0,0,2,"ළමයා උදේම නැගිටිනවාා දත් මදිනවා අම්මට වඳිනවා ළමයා පාසල් යනවා
",2,4,2,8,"ළමයා කැවිලි අරගෙන ගෙදරට යනවා ළමයා යාළුවට දෙනවා  
",2,1,0,3,20,33.33,Weak
10/7/2025 6:17,"පුංචි පිරිමි ළමයෙක් උදෙන්ම නැගිටියි ළමයා මූණ සෝදයි ළමයා කෑම කයි ළමයා පාසල් යනවා
",2,4,2,8,"මුව පැටියෙක්  උගුලකට අහුවෙලා සිටිනවා ළමයි දෙදෙනෙක් මුවාව බේරගන්නවා ළමයි දෙන්නා මුවාව බේරලා මුවාට දෙනවා මුව පැටියයි මුවා අම්මයි සතුටින් කැලෑ කැලෑවට යනවා 
",7,3,2,12,"ළමයා උදෙන්ම නැගිටිනවා ළමයා උදෙන්ම මූණ සෝදවා අම්මාට තාත්තාට වඳිනවා ළමයා පාසල් යනවා 

",3,4,3,10,"අම්මා කෑම හදනවා අම්මා කෑම පාර්සල් කරනවා නංගි එහා ගෙදරට කෑම එකක් ගෙනිහිල්ලා නංගි එහා ගෙදර නැන්දාට කෑම එක දුන්නා
",2,1,0,3,33,55.00,Average
10/7/2025 6:21,"ළමයා උදෙන්ම අවදි වෙනවා ළමයා මූණ සෝදනවා ළමයා බත් කනවා ළමයා පාසල් යනවා
",1,4,2,7,"ළමයි දෙන්නෙක් මුවෙක් හිරවෙලා ඉන්නවා දැක්කා ළමයි දෙන්නම මුවාව ලිහෙව්වා ළමයි දෙන්න මුවාව ගත්තා මුව අම්මා බලාගෙන සිටියා ළමයි දෙන්නා මුවා අම්මාට ගෙනිහින් දුන්නා ඒ දෙන්න සතුටින් කැලේට ගියා
",6,4,2,12,"ළමයා උදෙන්ම ඇහැරෙනවා ළමයා දත කට මදිනවා ළමයා අම්මට තාත්තට වඳිනව ළමයා පාසල් පිටත් වෙනවා
",3,4,3,10,"අම්මා කෑම බෙදනවා අම්මා ළමයාට කෑම පාර්සලය දෙනවා  ළමයා ළමයට පාර්සලය දෙනවා ළමයා අර ළමයට ස්තුති කරනවා
",2,1,0,3,32,53.33,Average
10/7/2025 6:22,"ළමයා උදෙන්ම නැගිටිනවා ළමයා පාසල් යාමට මූණ සෝදනවා ළමයා පාසල් යාමට කෑම කනවා ළමයා බෑගය එල්ල එල්ලගෙන බෝතලේ අතට අරගෙන පාසල් යනවා
",3,4,4,11,"පිරිමි ළමයෙකුයි ගෑනු ළමයෙකුයි මුවෙක් උගුලකට අහුවෙලා ඉන්නකොට ඒ දෙන්නා මුවාව බේරාගෙන
",6,1,1,8,"ළමයා නැගිටිනවා ළමයා මූණ සෝදනවා ළමයා අම්මාට  වැඳ පාසල් යනවා
",2,4,3,9,"ළමයා කෑම
",1,0,0,1,29,48.33,Weak
10/7/2025 6:23,"ළමයා උදෙන්ම නැගිට මූණ සෝදනවා ඉස්කූල් යෑමට බත් කනවා වතුර බෝතලයකුයි බෑග් එකයි අරගෙන පාසල් යනවා
",3,4,4,11,"ළමයෙකුයි ගැහැණු ළමයෙකුයි කැලේදී මුවෙක් දකිනවා ඒ මුවාට හොඳටම තුවාල වී සිටින්නේ ඉතිං ඒ ළමයා මුවාව අරගෙන යනවා ගිහිල්ලා ගෙදර අරන් ගිහිල්ලා ඒ මුවාව අම්මට පෙන්නනවා ඒගොල්ලන් ආපසු කැලේට යනවා
",4,1,0,5,"ළමයා උදෙන්ම නැගිට දත් මදිනවා අම්මට වැඳ ස්කූල් යනවා 
",2,4,2,8,"අවුරුද්දට අම්මා කැවුම් හදලා ළමයට දෙනවා ළමයා ඒ අරන් නැන්දලාගේ ගෙදර යනවා නැන්දට කැවුම් දෙනවා 
",2,1,0,3,27,45.00,Weak
10/7/2025 6:23,"ළමයා උදේ පාන්දර නැගිටී ළමයා උදේ පාන්දර මූන සෝදයි ළමයා උදේට බත් කයි ළමයා පාසල් යයි
",1,4,2,7,"මුවෙක්ව ගැට ගහලා තියෙයි ළමයි දෙන්නෙක් මුවාව ලිහයි මුවා අඬයි මුවා පැටියත් එක්ක යයි
",4,2,1,7,"ළමයා උදේ පාන්දර නැගිටී ළමයා උදේ පාන්දර දත් මදියි ළමයා අම්මාට වදියි ළමයා ඉස්කෝල යයි
",2,4,3,9,"අම්මා කැවුම් ළමයාට දෙයි ළමයා එහා ගෙදර නැන්දට දෙයි ඒ නැන්දා ගනියි
",2,0,0,2,25,41.67,Weak
10/7/2025 6:24,"ළමයා උදේම නැගිටිනවා මූණ සෝදනවා කෑම කනවා පාසල් යනවා
",1,4,2,7,"මුව පැටියෙක් හිරවෙලා ඉන්නවා  ළමයි දෙන්නා මුව පැටියව හිර කරපු ලණුව ලිහනවා මුව පැටියව අරන් ගිහිල්ලා අම්මට දෙනවා මුව පැටියයි අම්මයි කැලේට යන හැටි බලන් ඉන්නවා ළමයි දෙන්නා
",5,3,1,9,"ළමයා උදේම නැගිටිනවා දත් මදලා අම්මාට වැඳලා පාසල් යනවා
",2,4,2,8,"අම්මා ළමයාට කෑම එකක් දෙනවා ළමයා අතට කෑම එක දෙනවා ළමයා ඒක නංගිට දෙනවා නංගි ඒක සතුටින්  ගන්නවා
",2,1,0,3,27,45.00,Weak
10/7/2025 6:25,"පුංචි ළමයෙක් උදේ පාන්දරින්ම නැගිටිනවා ළමයා මූණ සෝදනවා ළමයා පාසල් යන්නට සූදානම් වෙලා උදයේ ආහාර ගන්නවා ළමයා පාසල් යනවා
",1,4,2,7,"ළමයි දෙන්නෙක් දකිනවා මුව පැටියෙක් උගුලකට හසු වී සිටිනවා ළමයි දෙන්නා මුව පැටියාව උගුලෙන් බේරගන්නවා මුව අම්මා අඬමින් සිටිනවා ළමයි දෙන්නා මුව අම්මට පැටියව භාරදී පැටියයි මුවාමයි කැලේට යනවා
",7,4,3,14,"පුංචි ළමයෙක් උදේ පාන්දරින්ම නැගිටිනවා ළමයා මූණ සෝදනවා ළමයා අම්මාටයි තාත්තාටයි වැඳ පාසල් යනවා ළමයා පාසල් යනවා
",3,4,3,10,"අවුරුදු කාලය ආවා අම්මා ළමයාට කැවුම් කිරිබත් ඔතලා දුන්නා ළමයා එයාලගෙ නෑයන්ට ගිහින් දුන්නා ළමයා එයාගේ යාළුවාට කැවුම් කිරිබත් දුන්නා
",3,1,1,5,36,60.00,Average
10/7/2025 6:26,"ළමයා උදේම නැගිටිනවා ළමයා මූණ සෝදනවා ළමයා කෑම කනවා ළමයා පාසල් යනවා
",1,4,2,7,"මුව පැටියෙක් ගසක ලණුවක් ගැට ගහලා තිබුණා ඊට පස්සෙ ළමයි දෙන්නෙක් ඇවිත් මුව පැටියගෙ ලණුව ගැලෙව්වා ඊට පස්සේ මුවා අම්මා ඇඬුවා ඊට පස්සේ ළමයි දෙන්න මුවා මව දැකල මුව පැටියා එක්කන් ගියා
",6,3,2,11,"ළමයා උදේම නැගිටිනවා ළමයා දත් මදිනවා ළමයා ඉස්කෝලෙ යන්න අම්මටයි තාත්තාටයි වදිනවා ළමයා පාසල් යනවා
",3,4,3,10,"අවුරුදු කාලය ළඟා වුණා අම්මා ළමයට කැවුම් කොකිස් ඔතල දුන්නා අම්මා ළමයට නෑයොන්ට දෙන්න කියල කැවුම්කොකිස් දුන්න ළමයා එයාලට ඒක දුන්නා එයාලා ඒක ගත්තා
",2,2,1,5,33,55.00,Average
10/7/2025 6:27,"ළමයා උදේම නැගිටිනවා ළමයා මූණ සෝදනවා ළමයා බත් කනවා ළමයා ඉස්කෝලේ යනවා
",1,4,2,7,"ගසක මුවෙක් ගැට ගහලා තිබ්බා ළමයි දෙන්නෙක් ඇවිල්ලා ලණුව ලෙහලා දැම්මා මුව අම්මා හොන්දටම අදනවා ළමයි දෙන්නා මුව පැටියා ගෙනිහින් දුන්නා
",6,3,2,11,"ළමයා උදේම නැගිටිනවා ළමයා දත් මදිනවා ළමයා පාසල් යන්න අම්මටයි තාත්තාටයි වදිනවා ළමයා පාසල් යනවා
",3,4,3,10,"අවුරුදු කාලය ආවා ළමයාට අම්මා ළමයට කැවුම් කැවුම් ළමයා නෑයොන්ට දුන්නා ළමයා යාළුවාට කෑම දුන්නා
",2,1,0,3,31,51.67,Average
10/7/2025 6:27,"ළමයා උදේම නැගිටිනවා මූණ සෝදනවා කෑම කනවා පාසල් යනවා
",1,4,2,7,"මුවෙක් ගසක ලණුවකින් ගැට ගහලා සිටිනවා ළමයි දෙන්නෙක් මුවාව ලිහනවා  මුව අම්මා ළඟට ළමයි දෙන්නා මුව පැටියාව ගිහින් තියෙනවා මුව අම්මයි මුව පැටියයි යනවා
",5,3,1,9,"ළමයා උදේම නැගිටිනවා දත් මදිනවා  අම්මට තාත්තාට වදිනවා පාසල් යනවා
",3,4,3,10,"අවුරුදු කාලය ආවා අම්මා කෑම පිඟානක් හදලා දීලා  හදලා ළමයාට දෙනවා  ළමයා  ළමයා එහා ගෙදර නැන්දාට ගිහින් දෙනවා ළමයා  ගන්නවා
",3,1,1,5,31,51.67,Average
10/7/2025 6:31,"පුංචි පිරිමි ළමයෙක් උදෙන්ම අවදිවෙලා මෝන සෝදලා පාසල් යන්න ලෑස්ති වෙලා බත් කාලාම පොත් බෑග් එකත් පිටේ එල්ලගෙන වතුර බෝතලේ තථේ අරගෙන පාසැල් යනවා 
",4,4,5,13,"දවසක් පුංචි පිරිමි ළමයෙකුයි ගෑණු ළමයෙකුයි කැලේ ඇවිදගෙන යනකොට දැක්කා පුංචි මුව පැටියෙක් උගුලකට අහුවෙලා ඉන්නවා ඊට පස්සේ දෙන්න එකතු වෙලා මුව පැටියාව උගුලෙන් බේරගත්තා මුව පැටියගේ අම්මා ඈත ඉඳන් හරිම දුකින් බලාගෙන ඉන්නවා පුංචි ළමයි දෙන්න දකිනවා ඊට පස්සේ මුව පැටියව අම්මට බාර දීලා එයාලා සතුටින් කැලේට යන දිහා බලාගෙන ඉන්නවා
",9,4,5,18,"පුංචි පිරිමි ළමයා මේ උදේම අවදි වෙලා දත් මැදලා මූණ සෝදලා පාසල් යන්න ලෑස්තිවෙලා අම්මටයි තාත්තටයි වැඳලා පොත් බෑග් එකක් පිටේ එල්ලගෙන පාසල්  යනවා
",5,4,5,14,"අම්ම අවුරුද්දට රස කැවිලි හදලාා පුංචි දුවට දෙනව ඒකයාගේ යාළුවගේ ගෙදරට ගිහින් දෙන්න කියලා පුංචි ගෑණු ළමයා ඊට පස්සේ එයාගේ යාළුවගේ ගෙදරට ගිහිල්ලාාක් එයාගේ යාළුවට කෑම පිඟාන දෙනවා ඊට පස්සේ යාලුවෝ ස්තුති කරනවා
",4,3,2,9,54,90.00,Normal
10/7/2025 6:32,"ළමයා උදේම නැගිටිනවා ළමයා මූණ සෝදනවා ළමයා බත් කනවා ළමයා ඉස්කෝලේ යනවා
",1,4,2,7,"ළමයි දෙන්නෙක් එක දවසක් යනකොට  කැලෑව මැද්දෙන්  මුව පැටියේ ගැටගැහිලා ඉන්නව දැක්කා ඒ පුංචි මුව පැටියව ලියල දැම්මා අම්මා අඬන්න ඉන්නවා දැකල ළමයි දෙන්නා පුංචි මුවා භාරදීලා ගියා 
",6,3,2,11,"ළමයා උදෑසනම නැගිටිනවා ළමයා උදෑසනම දත් මදිනවා ළමයා අම්මටයි තාත්තාටයි වැඳ පාසල් යනවා
",3,4,3,10,"අම්මා අවුරුද්දට කැවිලි හැදුවා අම්මා දුවට දුන්නා යාළුවෙක්ගෙ ගෙදරට පොඩි ළමයා ආවා ළමයා සතුටින් ගත්තා 
",5,1,2,8,36,60.00,Average
10/7/2025 6:32,"ළමයා උදෑසනම නැගිටිනවා ළමයා මූණ සෝදනවා ළමයා උදෑසන ආහාර ගන්නවා ළමයා පාසල් යනවා
",1,4,3,8,"ළමයි දෙන්නෙක් කැලේ ඇවිදගෙන යද්දි මුව පැටියෙක් උගුලකට හසුවී සිටිනවා දැක ළමයි දෙන්නා ඒ උගුලෙන් මුව පැටියව බේරගෙන අම්මාට බාර දුන්නා 
",6,2,1,9,"ළමයා උදේම නැගිටිනවා ළමයා දත් මදිනවා ළමයා පාසල් යන්න අම්මටයි තාත්තාටයි වැඳ ළමයා පාසල් යනවා
",3,4,3,10,"අම්මා තමන් හදපු රැසිකැවිලි දුවට දුන්නා දුව සතුටින් ඒක බාරගෙන යාළුවන් සතුටින් සමඟ ආහාර ගත්තා 
",5,1,2,8,35,58.33,Average
10/7/2025 6:33,"ළමයා උදේ පාන්දරම නැගිටෙයි ළමයා මූණ සෝදයි ළමයා කෑමකයි ළමයා පාසල් යයි
",1,4,2,7,"ළමයි දෙන්නෙක් දැක්කා මේ මුව පැටියෙක් අල්ලල තිබ්බා ළමයි දෙන්නා කිට්ටුවෙලා ළඟට ගිහින් මූණ වැහුවා  ළමයි ගිහිල්ලා අම්මට බාර දුන්නා ළමයි දෙන්න බලාගෙන හිටියා මුව පැටයි මුව දෙනයි යනවා
",4,1,0,5,"ළමයා උදෙන්ම අවදි වෙයි ළමයා දත් මදි ළමයා අම්මටයි හා තාත්තටයි වදියියි ළමයා පාසල් යයි
",3,4,3,10,"අම්මා ළමයට කැවිලි දෙයි අම්මා ළමයට කැවිලි බාගයක් දුන්නා ළමයා එළියට ගිහිල්ල යාළුවෙක්ට දෙන්න ගියා යාළුවා ස්තූති කරා
",4,1,1,6,28,46.67,Weak
10/7/2025 6:34,"ළමයකු උදෙන්ම නැගිටි ළමයකු උදෙම මූන සෝදයි ළමයකු උදෙන්ම ආහාර ගනී ළමයෙකු පාසල් යයි
",1,4,2,7,"ළමයි දෙන්නෙක් දැක්කා මුවෙක් ගැට ගහල තියනවා ළමයි දෙදෙනා ලණුව ගැලෙව්වා ළමයි දෙදෙනා මුව පැටියෙක් වඩාගෙන සිටි ළමයි දෙදෙනා මුව පැටව් දෙදෙනා යන දිහා බලා සිටි
",3,2,0,5,"ළමයෙකු උදේ පාන්දර නැගිටි දත් මදි අම්මට වැඳ පාසලට යයි
",2,4,3,9,"අම්මා ළමයාට කෑම දෙයි අම්මා ළමයෙකුට ආහාර බෙදලා දෙයි අම්මා තව ළමයෙකුට ආහාර දෙයි තව එක්කෙනෙකුට ළමයා ආහාර දෙයි
",2,0,0,2,23,38.33,Weak
10/7/2025 6:34,"ළමයෙක් උදෙන්ම නැගිටිනවා ඒ ළමයව මූණ සෝදනවා ඒ ළමයා පාසල් යන්න බත් කනවා ළමයා පාසල් යනවා
",1,4,2,7,"ළමයි දෙන්නෙක් දකිනවා මුවෙක් ලණුවක හිරවෙලා ඉන්නවා ඒ ළමයි දෙන්නා ඒ මුවාව ලණුවෙන් නිදහස් කරනවා එය මුවාගේ පැටියාව සොයාලා අම්මාට දුන්නා එය ළමයි දෙන්නා මුවාමයි පැටියයි පරිස්සමෙන් ගෙදරට යැව්වා
",5,2,1,8,"ළමයෙක් උදේම නැගිටිනවා දත් මදිනවා අම්මට වැඳලා පාසල් යනවා
",2,4,3,9,"අවුරුද්දට අම්මා අම්මාගේ දුවට රස කැවිලි දුන්නා කැවිලි  එහා ගෙදර අම්මාගේ දුවට දෙන්න කියලා එයාව යැව්වා එහා ගෙදර අම්මාගේ දුව ස්තුති කලා
",5,4,5,14,38,63.33,Average
10/7/2025 6:37,"උදේම ළමයෙක් පාසල් යන්න නැගිටිනවා ඒ ළමයා මූන සෝදා පාසල් යන්න ලෑස්ති වෙනවා ළමයා පොත්  බෑගය අරන් පාසල් යනවා
",2,4,2,8,"මුව පැටියෙක් උගුලකට අහුවෙලා ඉන්නවා
",3,0,0,3,"ළමයෙක් උදේම පාසල් යන්න නැගිටිනවා ළමයා දත කට මුව සෝදනවා ළමයා  අම්මට තාත්තට වඳිනවා ළමයා පාසල් යන්න ලෑස්ති වෙනවා යනවා
",3,4,3,10,"ළමයා බත් මේසෙට යනවා අම්මා ළමයාට බත් දෙනවා දෙනවා ළමයා ඒ බත් ටික එයාගේ යාළුවෙක්ට දෙනවා 
",0,0,0,0,21,35.00,Weak
10/7/2025 6:38,"ළමයෙක් නිදාගෙන ඉන්නවා ළමයා උදේම නැගිටලා මූණ සෝදනවා ළමයා පාසල් යන්න බත් කනවා ළමයා පාසල් යනවා 
",1,4,2,7,"මුව පැටියෙක් උගුලකට අහුවෙලා ඉන්නවා ළමයි දෙන්නෙක් මුවපැටියව බේරගන්නවා ළමයි දෙන්නා මේ පැටියා බයෙන් සිටිද්දී ළමයි දෙන්නා මුව පැටියව ගෙනත් දුන්න මුව පැටියයි මුවා අම්මයි යන දිහා ළමයි දෙදෙනා බලාගෙන සිටියා
",7,2,1,10,"ළමයා උදෙන්ම ඇහැරෙනවා  දත කට මැද පිරිසිදු වෙනවා අම්මටයි තාත්තටයි වඳිනවා ළමයා පාසල් යනවා 
",3,4,3,10,"අම්මා අවුරුද්දට කෑම හදලා ළමයෙක් ළමයා ඒ දෙස බලා සිටිනවා අම්මා ළමයාට කෑම දෙනවා ළමයා ගිහින් යාළුවෙක්ට කෑම එක දෙනවා ළමයා කෑම එක දුන්නා 
",2,2,0,4,31,51.67,Average
10/7/2025 6:39,"ළමයෙක් උදේ පාන්දරින්ම නැගිටිනවා මුහුණ සෝදනවා බයි කනවා ඉස්කෝලෙ යනවා  
",1,4,1,6,"මුවෙක්  උගුලකට අහුවෙලා ඉන්නවා ළමයි දෙන්නෙක් දකිනවා ළමයි දෙන්නා මුවාව නිදහස් කරනවා එයාගේ මුව පැටියව මුවන්මට දෙනවා එයාලා සතුටින් ගෙදර යනවා
",5,3,1,9,"ළමයෙක් පාන්දරින් නැගිටිනවා අදත් මදිනවා දත කට මදිනවා අම්මටයි තාත්තටයි වඳිනවා බයි කියල ා ඉස්කෝලෙ යනවා 
",3,4,3,10,"අම්මා කෙසෙල් මුලක් ළමයෙක්ට දෙනවා ළමයා කෙසෙල් මුල ඔතාගෙන ගෙදර යනවා යාළුවෙක්ට දෙනවා යාළුවො ස්තුති කියනවා
",0,0,0,0,25,41.67,Weak
10/7/2025 6:39,"ළමයෙක් උදෙන්ම අවදි වෙයි දත කට මූණ සෝදයි බත් කයි පාසල් යයි
",1,3,2,6,"මුව පැටියේ  උගුලට අහු වී ඇත අක්කයි නංගි ඔහුව බේරගන්න ගොස් ඇත මුව අම්මා පැටිය දෙස බලා සිටිඑයින් පසුව අක්කයි මල්ලි මුව පැටියාව මුව අම්මට භාර දෙයි
",5,3,1,9,"ළමයෙක් උදෙන්ම අවදිවෙයි ගතකට මූණ සෝදයි  අම්මට වදි පාසල් යයි 

",2,4,3,9,"ළමයා බත් කයි අම්මා ඇයට බත් මුලක් දෙයි ඇය යාළුවාට ගොස් එයා එය බත් එක දෙයි
",0,0,0,0,24,40.00,Weak
10/7/2025 6:40,"ළමයා උදෙන්ම නැගිටිනවා ළමයා උදෙන්ම මූන සෝදනවා ළමයා උදේ ආහාරය ගන්නවා ළමයා පොද්දාගේත් අරගෙන පාසල් යනවා 
",2,4,2,8,"මුවෙක් උගුලකට හසුවී සිටිනවා ළමයි දෙන්නෙක් එයාව ලියනවා ඊට පස්සේ ළමයි දෙන්නා මුව පැටියාව මුවා අම්මට දෙන අයට පස්සේ ඒ දෙන්න කැලේට යනවා
",6,3,1,10,"ළමයා වතුර වීදුරුවක් බොනවා ළමයා උදේම දත් මදිනවා ළමයා දෙමව්පියන්ට වඳිනවා ළමයා පාසල් යනවා
",3,3,3,9,.,0,0,0,0,27,45.00,Weak
10/7/2025 6:40,"උදෙන්ම නැගිටිනවා මුණ හෝදනවා බත් කනවා පාසැල් යනවා
",0,4,1,5,"මුවෙක් තොණ්ඩුවකට අහුවෙලා ඉන්නවා දැකලා තියෙනවා ඊට පස්සේ ඒ දෙන්නා එක ලෙහනවා පැටියා එයා ළඟට දෙනව ඊට පස්සේ මුවාල දෙන්න යනවා
",2,4,0,6,"ළමයා උදෙන්ම නැගිටිනවා දත් මදිනවා අම්මට වඳිනවා පාසැල් යනවා
",2,4,3,9,"අම්මා ළමයාට කෙසෙල් කන්න දෙනවා ඊට පස්සේ ඒක යාළුවාට ගිහින් දෙන්න කියනවා එයා දෙනවා ඊට පස්සේ යාළුවා ගන්නවා
",2,1,0,3,23,38.33,Weak
10/7/2025 6:41,ළමයා උදෑසනම නැගිටිනවා මූණ සෝදනවා බත් කනවා  පාසල් යනවා,1,4,1,6,"ළමයි දෙන්නෙක් කැලෑවට යනකොට මුවෙක් දඩයමකට අහුවෙලා ඉන්නවා ළමයි ඒ මුවාව බේරගන්නවා මුව පැටියා අරන් ගිහිල්ල මුවා අම්මට දෙනවා  මුව අම්මයි  මුව පැටියයි කැලෑවට යනවා
",5,2,1,8,ළමයා උදෑසනම නැගිටිනවා දත් මදිනවා අම්මාට වදිනවා පාසල් යනවා,2,4,3,9,"අම්මා ළමයාට රස කැවිලි දෙනවා ළමයා ඒවා අරන් ගිහින් එයාගේ යාළුවාට දෙනවා යාළුවා ඒවා සතුටින් ගන්නවා
",5,1,2,8,31,51.67,Average
10/7/2025 6:42,"ළමයා උදෑසනම නැගිටිනවා මූණ සෝදනවා බත් කනවා  පාසල් යනවා
",1,4,2,7,"එක දවසක් ළමයි දෙන්නෙක් සිරවෙලා ඉන්නවා දක්කා ඒ දවසේම ළමයි දෙදෙනා මුව පැටියව ලෙහෙහුවා ඊට පස්සේ මුව අම්මා දැකලාත් මුව පැටියයි මුවමයි සතුටින් කැලේට ගියා
",6,3,1,10,"එක දවසක් උදෙන්ම නැගිටිනවා මූණ කට සෝදනවා අම්මාට වදිනවා පාසල් යනවා
",1,4,3,8,"අම්මා කියනවා එයාගේ යාළුවට  රස කැවිලි වගයක් ගිහින් දෙන්න කියලා එයා ගිහිල්ලා යාළුවට රස කැවිලි දුන්නා යාළුවා රස කැවිලි සතුටින් බාරගත්ත රස කැවිලි
",4,2,1,7,32,53.33,Average
10/7/2025 6:44,"ළමයා උදෑසනින්ම අවදියි ළමයා මූණ සෝදයි ළමයා බත් කයි  ළමයා පාසල් යයි
",1,4,2,7,"ළමයි දෙදෙනා මුවෙක්ගේ ඔලුවේ ලණුවක් ගැට ගැසී තියෙනවා තියෙන බව දකියි ළමයි දෙදෙනාම මුව පැටියා ළඟට ගොස් එය ලණු ගැටය ලෙහා දමයි ළමයි දෙදෙනා මුව පැටියා රැගෙන මුව අම්මා ළඟට එක්කන් යයි මුව අම්මයි මුව පැටියයි සතුටින් ගෙදරය
",7,3,2,12,"ළමයා උදෑසනින්ම අවදියි ළමයා දත් මදියි ළමයා අම්මට වදියි ළමයා සතුටින් පාසල් යයි
",2,4,3,9,"අම්මා කෙසෙල් මුලක් දෙයි ළමයා ඒක පිඟානකට දායි ළමයා කෙසෙල් මුල යාළුවෙක්ට දේවල් යහළුවා ස්තූතියි කියා කෙසෙල් මුල භාර ගනියි
",0,0,0,0,28,46.67,Weak
10/7/2025 6:45,"ළමයා උදෙන්ම අවධි වෙයි ළමයා මූණ සෝදයි ළමයා කෑම කයි ළමයා පාසල් යයි
",1,4,2,7,"උගුලකට හසුවී සිටින මුව පැටියෙක් ළමයි දෙදෙනෙක් දකී ඒ ළමයි දෙන්නා මුව පැටියව උගුලෙන් බේරා ගනියි ඒ ළමයි දෙන්නා මුව පැටියව අම්මා ළගට ගෙනියයි මුව අම්මයි මුව පැටියයි සතුටින් කැලේට යයි 
",7,3,2,12,"ළමයා උදෙන්ම අවදි වෙයි ළමයා දත් මදියි  ළමයා දෙමව්පියන්ට වදියි  ළමයා පාසල් යයි
",3,4,3,10,අම්මා ළමයට කෙසෙල් දෙයි අම්මා ළමයට කෙසෙල් පිඟාන ඔතල දෙයි ළමයයි යාළුවට ඒක දෙයි යාළුවො ස්තුතියි කියා ළමයට  ,2,1,0,3,32,53.33,Average
10/7/2025 6:46,"ළමයා උදේ පාන්දරම නැගිටියි මූණ සෝදයි  බත් කනවා ළමයා පාසල් යනවා
",1,4,2,7,"ළමයි දෙන්නා මුවෙක් අඬමින් ඉන්නවා දැක්කා ළමයි දෙන්නා මුවාව ගෙදර ගෙනිච්චා ළමයි දෙන්නා මුවාව ලෙහුවා ඊට පස්සේ මුවා මුවාගේ අම්මට ගෙනත් දුන්නා
",3,2,0,5,"ළමයා උදේ පාන්දරම නැගිට්ටා ළමයා දත් මැද්දා ළමයා අම්මටයි තාත්තටයි වැඳලා ඉස්කෝලෙ ගියා
",3,4,3,10,"අම්මා කෑම පිඟානකට කැවිලි දාලා ළමයට දුන්නා ළමයා ඒක  ළමයා යාළුවට ගිහින් දුන්නා
",4,2,1,7,29,48.33,Weak
10/7/2025 6:46,"ළමයා උදෙන්ම නැගිට්ටා මූණ සේදුවා  බත් කෑවා පාසල් ගියා
",1,4,2,7,"ළමයි දෙන්නා මුවෙකු ලණුවකට පැටලිලා ඉන්නවා දැකලා ළමයි දෙන්න ඒ මුවාව ලිහල ගෙදර අරන් යන්න හදද්දි එයාලගෙ අම්මා මුවා දැකල ළමයි දෙන්නා ළඟට ගිහින් මුවත් එක්ක ගෙදර ගියා
",4,1,0,5,"ළමයා උදෙන්ම නැගිටියි  දත් මැදලා මෝන සෝදයි. අම්මටයි තාත්තටයි වැඳ පාසල් යයි
",3,4,3,10,"අම්මා කැවිලි බාජනයකින් තියයි ළමයා ඒක යාළුවට ගිහින් දෙයි
",4,2,2,8,30,50.00,Average
10/7/2025 6:47,"ළමයා උදෑසනම නැගිටියි ළමයා මූණ සෝදයි ළමයා උදේ ආහාරය ගනියි ළමයා සතුටින් පාසල් යයි
",1,4,3,8,"ළමයි දෙන්නා මුවාව උගුලකට පැටලිලා ළමයි දෙන්නා මුවාව බේරගනි ඊට පස්සේ මුවාව අම්මා ළඟට ගිහිල්ල කැලේට යයි 
",4,3,1,8,"ළමයා උදේම නැගිටියි ළමයා දත් මැද මූණ සෝදයි ළමයා දෙමාපියන්ට වැඳ පාසල් යයි 
",3,4,3,10,"අම්මා රස කැවිලි පිඟානට කෙසෙල් දායි  අම්මා ඒක ළමයාට දෙයි ළමයා යාළුවට දෙයි යාළුවො ස්තූති කරලා යාළුවගෙන් ගනියි
",5,3,4,12,38,63.33,Average
10/7/2025 6:49,"ළමයා උදෙන්ම අවදි වෙයි ළමයා මූණ සෝදයි  ළමයා උදේ ආහාරය ගනීී ළමයා පොත් බෑගය අරන් ඉස්කෝලෙ යයි
",2,4,4,10,"මුවෙක් අගුලකට අහුවෙලා ඉන්නවා ළමයි දෙන්නේ බලාගෙන ඉන්නවා  ඒ ළමයි දෙන්න ඒ ලණුව ලිහනවා මුවා අම්මා දුකෙන් බලාගෙන ඉන්නවා මුව අම්මයි මුව පැටියයි ගමන යනවා
",6,4,3,13,"ළමයා උදෙන්ම අවදි වෙනවා ළමයාදත් මදිනවා ළමයා අම්මාට වැඳ පාසල් යනවා 
",2,4,3,9,"අම්මා රස කැවිලි භාජනයක් පිළියෙල කරනවා ළමයාට රස කැවිලි භාජනය දෙනවා අම්මා ළමයා රස කැවිලි භාජනයා මේ
",3,1,1,5,37,61.67,Average
10/7/2025 6:51,"මල්ලි උදෙන්ම අවදි වීම මුහුණ සෝද ගෙන උදේ ආහාරය අරගෙන පාසලට යයි 
",0,3,1,4,"මුව පැටියෙක් මුව පැටියෙක්  වැලකට අසුවී සිටි ඉන්පසු ගැහැණු ළමයෙක් සහ පිරිමි ළමයෙක් එයා බේරා ගනී ඒ දෙදෙනා මුව පැටියව බලා ගනියි පසුව ඒ දෙදෙනාම නිදහස් කරයි 
",7,2,2,11,"පිරිමි ළමයා උදෙන්ම අවදි වෙයි දත් මදි අම්මට තාත්තාට වැඳ පාසල් යයි
",4,4,3,11,"නංගී උදේ ආහාරය ගනී අම්මා නංගිට එයාගේ යාළුවාට දෙන්න කෑම දෙයි ආහාර දෙයි නංගි ඒ ආහාරය ගෙන එයාගේ යාළුවට දෙයි යහළුවා ස්තුති කරයි
",2,1,0,3,29,48.33,Weak
10/7/2025 6:52,"මල්ලි  උදෙන්ම නැගිටියි මූණ සෝදයි උදේ ආහාරය ගනී මල්ලි ඉස්කෝලෙ යයි
",0,2,1,3,"මුව පැටියෙක් උගුලකට හසු වී සිටිද්දී පිරිමි ළමයෙකුයි ගැහැණු ළමයෙකුයි ඇවිල්ලා එය මුව පැටියව බේරගනීියි ඉන්පසු මුව පැටියගෙ මව ගසක් පිටුපස සිට අඬයි ඊට පස්සේ අර දෙන්නා මුව පැටියයි මුව අම්මයි කැලේට යවයි 
",9,4,5,18,"අයියා උදෙන්ම අවදි වෙයි මුහුණ සෝදා දත් මැද අම්මට සහ තාත්තාට වැඳ අයියා පාසල් යයි
",3,4,3,10,"අම්මා නංගිට රස කැවිලි ටිකක් දෙයි නංගි ඒවා ගෙනිහිං යාළුවා සමග බෙදාගෙන කෑම සඳහා යාළුවා මේ යාළුවා ස්තූතියි කර කැවිලි ටික ගනියි
",4,1,0,5,36,60.00,Average
10/7/2025 6:52,"පුංචි ළමයෙක් මූණ සෝදනවා පුංචි ළමයෙක් උදේම නැගිටිනවා පුංචි ළමයෙක් මූණ සෝදනවා ඉස්කෝලේ යන්න සැරසිලා ඉස්කෝලේ යන්න සැරසිලා කෑම කනවා ඉස්කෝලෙ ඇඳුම ඇඳගෙන බෑග් එකතක් කරේ එල්ලගෙන වතුර බෝතලේ අරන් පාසල් යනවා
",3,4,4,11,"පුංචි පිරිමි ළමයෙකුයි ගැහැණු ළමයෙකුයි මුව පැටියෙක් උගුලට අහුවෙලා ඉන්නවා දැක්කා පුංචි පිරිමි ළමයයි ගැහැණු ළමයයි මුවාගේ උගුල ගැලෙව්වා පුංචි පිරිමි ළමයයි ගෑනු ළමයයි මුවා අම්මා ඒ පැටිය දිහා බ දුකින් බලාගෙන හිටියා පිරිමි ළමයයි ගෑනු ළමයයි ඒ මුව පැටියව අම්මට බාර දුන්නා
",9,4,4,17,"පුංචි ළමයෙක් උදෑසනම නැගිටිනවා පිරිසිදු වතුර වීදුරුවක් බොනවා පුංචි ළමයා දත් ටික මැද මූණ් සෝදනවා අම්මට වඳිනවා ඉස්කෝලෙ ඇඳුමත් ඇඳගෙන බෑග් එකත් කරේ එල්ලගෙන පාසල් යනවා
",3,4,4,11,"අම්මා පුංචි ගැහැණු ළමයෙක්ට කෑම එකක් භාරදෙනව අම්මා ඒ කෑම කොලේක ඔතල දෙනවා ඒ පුංචි ගෑණු ළමයා ඒ කෑම ගන්නවා ඒ පුංචි ගෑණු ළමයා ගිහිල්ලා ඒ කෑම එක යාළුවට දෙනවා අය කෑම එක ගන්නවා 
",5,3,2,10,49,81.67,Normal
10/7/2025 6:53,"ළමයෙක් උදේම නැගිටිනවා ඒ පුංචි ළමයා මූණ සෝදනවා ඉස්කෝලේ ඇඳුමක් ඇඳගෙන ළමයා බත් කනවා ළමයා ඉස්කෝලෙ ඇඳුමක් ඇඳගෙන බෑග් එකත් කරේ එල්ලගෙන වතුර බෝතලයකුත් අතේ තියාගෙන පාසල් යනවා
",3,4,4,11,"පුංචි ළමයෙකුයි පුංචි ගෑණු ළමයෙකුයි මුව පැටියෙක් උගුලක පැටලිලා ඉන්නවා දැක්කා ගෑනු ළමයි පුංචි පිරිමි ළමයයි උගුල කැඩුවා පැටියගෙ උගුල කැඩුවා පුංචි පිරිමි ළමයයි ගෑනු ළමයයි පැටියට පැටියට පැටියව අම්මට භාරදෙනවා ඉන්පසු මුව පැටියයි මුවාමයි සතුටින් ගෙදර යනවා
",7,3,3,13,"ළමයෙක් උදෙන්ම නැගිටිනවා ළමයා දත් ටික මැදලා දත් ටික මදිනවා ළමයා අම්මට වඳිනවා ඉස්කෝලේ ඇඳුම් ඇඳගෙන බෑග් එකක් කරේ දාගෙන පාසල් යනවා  
",3,4,4,11,"අම්මා පුංචි ගෑනු ළමයෙක්ට කෑම පීරිසියක් දෙනවා අම්මා ඒ කෑම පිරිසිය කොලයකින් ඔතලා පුංචි ගෑණු ළමයට දෙනවා පුංචි ගෑනු ළමයා ඒ කෑම එක යහළුවෙක්ට දෙනවා ඒ යහළුවා කෑම එක ගන්නවා 
",5,2,3,10,45,75.00,Normal
10/7/2025 6:53,"පුංචි ළමයෙක් උදෙන්ම අවදි වෙනවා.පුංචි ළමයා මූණ සෝදනවා පුංචි ළමයා පාසල් යන්න සැරසිලා කෑම කනවා පුංචි ළමයා බෑග් එකත් එල්ලගෙන වතුර බෝතලයක් අරගෙන පාසල් යනවා
",3,4,4,11,"ගැහැණු ළමයෙකුයි පිරිමි ළමයෙකුයි මුව පැටියෙක් උගුලකට අහුවෙලා ඉන්නවා ගෑනු  ළමයයි පිරිමි ළමයයි උගුල ගලවනවා මුවපටියගේ මුව අම්මා මුව පැටියා දැකලා දුකින් ඉන්නවා මුව පැටියයි අම්මයි සතුටින් කැලේට යනවා
",9,4,4,17,"ළමයෙක් උදෙන්ම අවදි වෙනවා පිරිසිදු වතුර කෝප්පයක් බොනවා ළමයා ඒ ළමයා දත් මදිනවා ඒ ළමයා මූණ සෝදනවා ඒ ළමයා අම්මටයි තාත්තටයි වදිනව පාසල් යනවා බෑග් එක එල්ලගෙන
",4,4,4,12,"අම්ම කෙනෙක් ගෑනු ළමයෙක්ට කෑම එකක් දෙනව අම්මා ඒ ගෑණු ළමයට කෑම එක ඔතල දෙනවා ඒ ළමයා යාළුවට ගෙනැල්ල දෙනවා යාළුව අතට ගන්නවාා අතට ගන්නවා 
",4,1,1,6,46,76.67,Normal
10/7/2025 6:54,"ළමයෙක් උදේම නැගිටිනවා මූණ සෝදනවා  ඒ ළමයා බත් කනවා ළමයා බෑගයයි වතුර බෝතලේ  රැගෙන පාසල් යනවා
",3,4,4,11,"ළමයි දෙන්නෙක්  මුවෙකු උගුලට අහුවෙලා ඉන්නවා දකිනවා මුව පැටියාව ළමයි දෙන්නා උගුලෙන් බේරලා බේරගත්තා මුව අම්මා ඒ දිහා බලන් දුකින් බලන් ඉන්නවා ඊට පස්සේ ළමයි දැන් මුව පැටියාව අම්මට වාරදෙනව මුව පැටියයි මුවාමයි සතුටින් කැලේට යනවා
",7,4,3,14,"ළමයෙකු උදෙන්ම නැගිටිනවා වතුර වීදුරුවක් බොනවා ඉන්පසු දත් මදිනවා අම්මට තාත්තා හට වැඳ පාසල් යනවා
",3,4,4,11,"අම්මා පුංචි ළමයෙක්ට කෑම පිඟානක් දෙනවා පස්සේ අම්මා එයා ඔතනව ළමයා කෑම පිඟාන ගෙන ගොස් තවත් යහළුවෙක්ට දෙනවා යාළුවා සතුටින් කෑම පිඟාන ගන්නවා
",3,2,1,6,42,70.00,Normal
10/7/2025 6:55,"ළමයා උදෙන්ම අවදි වෙනවා ළමයා මූණ සෝදනවා ළමයා උදේම කෑම කනවා ළමයා ඉස්කෝලෙ යන්න බෝතලයයි බෑග් එකයි යනවා
",3,4,4,11,"ළමයි දෙන්නෙක් මුව පැටියෙක්ව උගුලකට අහුවෙලා ඉන්නවා ළමයි දෙන්නා ගිහින් උගුලෙන් බේරගත්තා මුව අම්මා දැක්කා පැටියා ළමයි දෙන්න ලඟ ඉන්නවා ළමයි දෙන්නා ළමයි දෙන්න මුවා අම්මට භාරදී කැලේට සතුටින් යනවා 
",7,3,2,12,"ළමයෙක් උදෙන්ම අවදිවෙලා පිරිසිදු වතුර වීදුරුවක් බොනවා ළමයා දත් මදින්න දත් මදිනවා ළමයා මූන සෝදනවා ළමයා අම්මටයි තාත්තටයි වැඳලා පාසල් යනවා 
",3,4,3,10,"අම්මා ළමයෙක්ට බත් බෙදල දෙනවා අම්මා ළමයට ලන්ශිට් එකකට බත් බෙදලා දෙනවා ළමයා තවත් යාළුවෙක්ට දි ඒ යාළුවා ආශාවෙන් ආශාවෙන් අතට ගන්නවා
",0,0,0,0,33,55.00,Average
10/7/2025 6:55,"ළමයා උදෙන්ම අවදි වෙනවා ළමයා මූණ සෝදනවා ළමයා උදේම කෑම කනවා ළමයා ඉස්කෝලෙ යන්න බෝතලයයි බෑග් එකයි යනවා
",3,2,2,7,"ළමයි දෙන්නෙක් මුව පැටියෙක්ව උගුලකට අහුවෙලා ඉන්නවා ළමයි දෙන්නා ගිහින් උගුලෙන් බේරගත්තා මුව අම්මා දැක්කා පැටියා ළමයි දෙන්න ලඟ ඉන්නවා ළමයි දෙන්නා ළමයි දෙන්න මුවා අම්මට භාරදී කැලේට සතුටින් යනවා 
",7,3,2,12,"ළමයෙක් උදෙන්ම අවදිවෙලා පිරිසිදු වතුර වීදුරුවක් බොනවා ළමයා දත් මදින්න දත් මදිනවා ළමයා මූන සෝදනවා ළමයා අම්මටයි තාත්තටයි වැඳලා පාසල් යනවා 
",3,4,3,10,"අම්මා ළමයෙක්ට බත් බෙදල දෙනවා අම්මා ළමයට ලන්ශිට් එකකට බත් බෙදලා දෙනවා ළමයා තවත් යාළුවෙක්ට දි ඒ යාළුවා ආශාවෙන් ආශාවෙන් අතට ගන්නවා
",0,0,0,0,29,48.33,Weak
10/7/2025 6:56,"ළමයා උදෙන්ම අවදි වෙනවා දත කට මැද මූන සෝදගෙන පාසල් ඇඳුමෙන් සැරසිලා කෑම කාලා බෑගය එල්ලං වතුර බෝතලේ අරන් පාසල් යනවා
",3,2,2,7,"ළමයි දෙන්නෙක් මුව පැටියෙක්  උගුලකට  අහුවෙලා ඉන්නවා දැක්කා ඒ ළමයි දෙන්නා ඒ මුව පැටියව බේරගත්තා ඒක දැකලා මුව අම්මා ඇඬුවා ඒ කරලා ළමයි දෙන්න මුව අම්මට පැටියව බාර දීලා මුව අම්මයි පැටියයි කැලේ පිටත් වුනා යන කල් ළමයි දෙන්න බලා සිටියා 
",7,4,4,15,"ළමයා උදේම අවදි වෙනවා දත කට මැද මූණ සෝදලා ඇඳුමෙන් සැරසිලා අම්මටයි  දෙමාව්පියන් වැඳ පාසල් ගිය
",3,4,4,11,"ළමයාට අම්මා කෑම එකක් බෙදලා දුන්නා  ඒක ලන්ශිට්  එකකින් ඔතල දුන්නා ඒක එයා ළමයෙක්ගෙ ගෙදර අරන් ගිහින් ඒක එයාට දුන්නා ගෙදර අරන් ගිහින් ඒක එයාට දුන්නා
",1,0,0,1,34,56.67,Average
10/7/2025 6:57,"ළමයා උදෙන්ම අවදි වෙනවා ළමයා දත කට මදිනවා  ළමයා ඉස්කෝලේ නිල ඇඳුම ඇඳගෙන කෑම කනවා ළමයා බෑග් එකකුයි වතුර බෝතලයකුයි අරගෙන ඉස්කෝලෙ යනවා
",1,4,4,9,"ළමයි දෙන්නෙක් මුව පැටියා කරදරේ ඉන්නවා දැක්කා  ඒ දෙන්නා මුව පැටියව බේරගත්තා ඒ දෙන්නා මුව අම්මා දැක්කා මුව පැටියව බේරගන්නවා ඉතින් ඒ දෙන්නා කැලේට යනකල් මුවයි මුව පැටියයි කැලේට යනකල් බලාගෙන සිටියා
",7,3,2,12,"උදේම නැගිටල දත් මැදලා දෙමාපියන් පා වැඳලා ඉස්කෝලෙ යනවා
",1,4,2,7,"අම්මා ළමයෙක්ට ගිහින් දෙන්න බත් එකක් එතුවා ඒ ළමයා ගිහින් දුන්නා ඉතින් ඒ ළමයා තැන්කියු කිව්වා 
",0,0,0,0,28,46.67,Weak
10/7/2025 6:57,"ළමයා උදෑසනින් නැගිටිනවා ළමයා මූණ සෝදනවා ළමයා කෑම කනවා ළමයා බෑග් එකක් අරගෙන වතුර බෝතලයකුත් තරම් පාසල් යනවා
",3,4,4,11,"මල්ලි කෙනෙකුයි නංගි කෙනෙකුයි මුව පැටියව  ලණුවකින් එතිලා බේරගන්න ඒ එක්කෙනාව එයාව ලණ්වෙන් ලෙහුවා
",3,1,0,4,"ළමයා උදෑසනින් නැගිටිනවා ළමයා දත් මදිනවා ළමයා අම්මට වඳිනවා ළමයා පාසල් යනවා
",2,4,3,9,"අම්මා ළමයට කෑම ගෙනත් දෙනවා අම්මා ළමයට
",1,0,0,1,25,41.67,Weak
10/7/2025 6:58,"ළමයා උදෑසනින් නැගිටිනවා මේ ළමයා උදෑසන නැගිටිනවා ළමයා උදෑසනින් ළමයා මූන සෝදනවා ළමයා කෑම කනවා ළමයා පාසල් යනවා
",1,4,2,7,"මුව මුවපැටියෙක් උගුලකට අහුවෙලා ඉන්නවා ළමයි දෙන්නේ ගිහිල්ල මුව පැටියාව බේරගන්නවා මුව අම්මා දුකින් බලාගෙන ඉන්නවා මම පැටිය මුවා අම්මට බාර දීලා යෙදෙන්නෙ දුන්නා
",7,3,2,12,"ළමයා උදෑසන නැගිටිනවා ළමයා දත් මදිනවා ළමයා අම්මට වඳිනවා ළමයා පාසැල් යනවා
",2,4,3,9,"ළමයා අම්මා ළමයට කන්න කෑම දෙනවා අම්මා ළමයට කෑම එකක් තියෙනවා අම්මා ළමයට කෙසෙල් පිඟානට දෙනවා අම්මා ළමයට ඔතල කෑම එක දෙනවා ඒ ළමයා ඒක අරං ගිහින් එහා ගෙදර නංගිට දීලා
",1,1,0,2,30,50.00,Average
10/7/2025 6:59,"ළමයා උදෙන්ම නැගිටිනවා දත් මැද මූණ සෝදනවා ළමයා පාසල් ඇඳුමෙන් සැරසිලා කෑම කනවා ළමයා පාසල් යනවා
",1,4,2,7,"පුංචි මුව පටියේ කුකුලවට අහුවෙලා ඉන්නවා පුංචි පිරිමිලා මේකුයි ගෑනු ළමයෙකුයි ඒක දැක්කා ගැහැණු ළමයා කිව්වා අයියේ අපි මේ මුව පැටියව බේරගමු ඊට පස්සේ ඒ දෙන්නා මුවාව ගැටගහලා තිබ්බ ලණුව ගලෝලා අම්මා මුව පැටියගෙ අම්මා ඈත ඉඳන් බලාගෙන ඉන්නවා දැකල මුව පැටියව බාර දුන්නා ඊට පස්සේ මුව අම්මා මුව පැටියයි කැලේට යනකන් අයියයි නංගි බලාගෙන හිටියා
",9,4,5,18,"ළමයෙක් උදෙන්ම නැගිට්ටා දත් මැදල මුහුණ සෝද ගත්තා දෙමව්පියන්ට වැඳල පාසල් ගියා 
",3,4,3,10,"අම්මා දුවට කෑම එකක් බෙදලා දෙනවා අම්මයි ළමයට කියනවා එයාගේ යාළුවට ගිහින් මේ කෑම එක දෙන්න කියලා ඊට පස්සේ ඒ ළමයා එයාගේ යාළුවගේ ගෙදරට ගිහිල්ලා යාළුවට කෑම එක දෙනවා යාලුවෝ ස්තුතියි
",4,2,1,7,42,70.00,Normal
10/7/2025 6:59,"පුංචි ළමයෙක් උදේම නැගිටිනවා ඒ ළමයා  මූණ සෝද ගන්නවා කෑම කනවා පාසල් යනවා
",1,4,2,7,"මුව පැටියේ කුකුලකට අහුවෙලා ළමයි දෙන්නේත් ඒ ලණුව ගලවනවා ඊට පස්සේ මුවා අම්මා බලාගෙන ඉන්නවා
",7,3,3,13,"ළමයෙක් උදේම නැගිටිනවා ළමයා දත් මදිනවා ළමයා අම්මට වදිනවා ළමයා පාසල් යනවා
",2,4,3,9,"අම්මා ළමයට කෑම දෙනවාා අම්මා කියනවා ඔයාගේ යාළුවට දෙන්න කියල ඊට පස්සේ එයා ගිහින් එයාට දෙනවා යාළුවො ස්තුතියි කියනවා
",3,1,0,4,33,55.00,Average
10/7/2025 7:00,"ළමයෙක් උදෑසනම අවදි වෙනවා මූණ හෝදනවා කෑම කනවා ඒ ළමයා පාසැල් යනවා
",1,4,2,7,"පුංචි මුව  පැටියෙක් උගුලකට හසුවෙලා පුංචි ළමයි දෙන්නේ එක දැකල මුව පැටියව අරගෙන ඒක ලෙහුවා ඊට පස්සේ මුව අම්මා දුකෙන් ඉන්නවා ළමයි දැන් අදක්කක්කා ම මුව මුව පැටියව අම්මට දුන්නා
",7,3,2,12,"පුංචි ළමයෙක් උදෑසනම අවදි වෙනවා  දත් මදිනවා අම්මට වඳිනවා පාසල් යනවා 
",2,4,3,9,"අම්මා ළමයට කෑම එකක් ඔතල දෙනවා! එයාගේ යාළුවට ගිහින් දෙන්න කියලා ළමයයි යාළුවා ළමයා යහළුවට බත් එක දුන්නා ඒ ළමයා ස්තූති කරනවා
",1,0,0,1,29,48.33,Weak
10/7/2025 7:06,ළමයෙක් උදෙන්ම අවදි වුණා මුහුණ සේදුවා පාසල් ඇඳුමින් සැරසිලා කෑම කෑවා පොත් බෑගේ පිටේ එල්ලගෙන වතුර බෝතලේ අරගෙන පාසල් ගියා,3,4,4,11,ළමයි දෙන්නෙක් දැක්කා පුංචි මුව පැටියෙක්  උගුලකට අහුවෙලා ඉන්නවා ඒ ළමයි දෙන්නා පුංචි මුව පැටියාව උගුලෙන් බේරගත්තා ඒ ළමයි දෙන්නා දැක්කා මුව අම්මා දුකින් බලාගෙන ඉන්නවා ඊට පස්සේ ළමයි දෙන්නා මුව පැටියාව අම්මාට බාරදීලා මුව පැටියයි මුව අම්මයි කැලේට යනවා සතුටින් බලාගෙන හිටියා,7,4,5,16,ළමයෙක් උදෑසනින්ම නැගිට්ට දත් මැද්දා අම්මා දෙමාපියන්ට වැන්දා පාසල් ගියා,3,4,3,10,අම්මා කැවිලි පිඟානක් දුන්නා අම්මා කිව්වා එහා ගෙදර ගිහිල්ලා දෙන්න කියලා ඊට පස්සේ  එහා ගෙදර යාළුවා ඒකට ස්තූති කරා,4,1,1,6,43,71.67,Normal
10/7/2025 7:08,ලමයෙක් උදෙන්ම අවදි වී හිරු නැග එන දිශාව දෙස බලයි ඔහු මුහුන සෝදා සූදානම් වී පාසල් යාමට නිල ඇදුම ඇද කෑම කමින් සිටී කෑම කා පසු ඔහු පාසල වෙත පිය නගයි,1,4,3,8,ළමයි දෙදෙනෙක් මුව පැටියකු ගැට ගසන දැක ඔවුන් මුව පැටියා ගැට ගස සිටින තැනට දිව ගොස් මුව පැටියාවට ගැට ගහල තියනෙන උගුලෙන්  ලෙහයි මෙමුව පැටියා දුව මේ මුව පැටියා දුවන්න හදන විට ඔවුන් අල්ලාගෙන මුව පැටියාගේ අම්මාට මුව පැටියා බාරදෙයි,6,2,2,10,ළමයෙක් උදෙන්ම අවදි වෙමි වෙමි ඔහු දත් මැද මුහුණු සෝදයි සෝදයි ඔහු දෙමාපියන් පා වැඳ පාසල් යාමට පිටත් වෙයි,3,4,3,10,සිංහල අලුත් අවුරුදු උදා වී තිබෙන විට අම්මා දුවට කෙසෙල් පිගානක් දෙයි අහල පහළ ගෙවල් වලට දුව ගිහින් ළමයින්ට අවුරුදු කෑම දෙයි ළමයින් සතුටින් ඒවා බාර ගනියි,4,2,1,7,35,58.33,Average
10/7/2025 7:09,ළමයෙක් උදෑසනම නැගිටලා මූණ හෝදලා ඉස්කෝලෙ ඇඳුම් ඇඳගෙන කෑම කලා වතුර බෝතලේත් අරගෙන ඉස්කෝලෙ යනවා,2,4,2,8,මුව පැටියෙක් උගුලකට  අහුවෙලා ඉන්නවා පුංචි ළමයි දෙන්නේ දැක්කා ඒ දෙන්න ගිහිල්ලා එය මුව පැටියාව උගුලෙන් බේරගෙන යනකොට එතනේ එයාගේ අම්මා දුකින් බලාගෙන ඉන්නව දැක්කා එතකොට ඒ පුංචි මුව පැටියාව අම්මට දුන්නා ඊට පස්සේ ඒ දෙන්නා සතුටින් කැලේට ගියා,7,4,5,16,ළමයෙක් උදෙන්ම නැගිටලා දත් මැදලා  මුහුණ හෝදලා එයාගේ අම්මට තාත්තටයි වැඳලා පාසල් යන්න පිටත් වෙනවා,3,4,3,10,අම්මා කැවිලි මේසේ කැවුම් තිබ්බහම ඒක මේ දුව  අරගෙන ගිහිල්ලා එයාගේ යාළුවට දෙනවා යාලුවා ඉතා සතුටින් ඒක පිළිගන්නවා,5,2,2,9,43,71.67,Normal
10/7/2025 7:10,පුංචි පිරිමි ලමයෙක් උදේ පාන්දර නැගිට මුහුණ සෝදා පාසල් යන්න ලෑස්ති වෙලා බත් කාලා වතුර බීලා පොත් බෑගයය් වතුර බෝතලයය් අරන් පාසල් ගියා,4,4,5,13,පුංචි මල්ලි කෙනෙකුය් නංගි කෙනෙකුය් දකිනවා මුව පැටියෙක් උගුලකට අහු වෙලා ඉන්නවා ඉතින් ඒ දෙන්නා මුව පැටියාව බේර ගෙන අම්මයි තාත්තයි ලගට ගිහින් දානවා ඊට පස්සෙ අම්මා ලමය් දෙන්නාට ස්තූති කරලා මුව පැටියාව අරන් යනවා,4,2,2,8,පිරිමි ලමයෙක් උදෑසනම අවදි වෙලා වතුර කෝප්පයක් බීලා දත් ටික මැදලා මුහුන සෝදාගෙන අම්මාටය් තාත්තාටය් වැදලා පාසල් යන්න පිටත් උනා,4,4,4,12,පුංචි ගැහැනු ලමයෙක් තමන්ගෙ යාලුවට දෙන්න පුංචි ගෑනු ලමයෙක් අම්මා හදලා තියෙන රසකැවිලි බෙදාගෙන ගිහින් තමන්ගෙ යාලුවාට දුන්නා යාලුවා ඒක සතුටින් ගත්තා,5,4,4,13,46,76.67,Normal
10/7/2025 7:11,පුංචි ළමයෙක් උදේ පාන්දරම නැගිට මුහුණ සෝදා උදේ ආහාර වෙලත්  අරගෙන වතුර බෝතලෙත් රැගෙන පාසල් ගියා,2,4,2,8,පුංචි ළමයි දෙන්නක්  දැක්කා මුව පැටියෙක් ලණුවක හිරවී සිටින බව පුංචි ළමයි දෙන්නට දුක සිතී  මුව පැටියාව ලණුවෙන් ගලවගෙන බේරා ගත්තා මුව අම්මා එක දැකලා මුව පැටියා ගාවට  දුවගෙන ගිහින්  ළමයි දෙන්නාට ස්තුතියි කියා මුව අම්මා මුව පැටියා අරගෙන ගියා,7,2,2,11,ළමයෙකු උදේ පාන්දරම නැගිට වතුර වීදුරුවක් අරගෙන බී පාසල් යාමට දත් මැදලා අම්මාට වැඳ පාසල් අම්මාට බායි කියා පාසල් යයි,2,4,4,10,අම්මා ළමයාට එහා ගෙදර ළමයාට දෙන්න කියා කැවිලි පිඟානක් දෙයිළමයා ඒක අරගෙන යාළුවගේ ගෙදරට යයි ගිහිල්ලා එහා ගෙදර ළමයා ඒ කැවිලි පිඟාන සතුටින් ස්තුතියි කියා ගනී,5,2,2,9,38,63.33,Average
10/7/2025 7:12,උදෙන්ම නැගිටි මූනසෝදා ආහාර අරගෙන පාසල් යයි,1,4,3,8,"ළමයි දෙන්නෙක් මුව පැටියෙක්ව දකිනවා පැටියෙක්ව දකිනවා  උගුලකට අහුවෙලා ඉන්නවා  ළමයි දෙන්නා  මුව පැටියව බේරගෙන  යවනවා කැලේට අම්මයි ඒ මුව පැටියයි යනවා
",5,3,1,9,උදෙන්ම නැගිට දත් මැද අම්මාට වැඳ පාසල් යයි,1,4,2,7,"අම්මයි දුවයි රස කැවිලි හදා ගෙවල් වලට අලුත් අවුරුද්දට රස කැවිලි බෙදයි  ළමයා රස කැවිලි එහා ගෙදර ළමයාට දෙයි
",4,2,1,7,31,51.67,Average
10/7/2025 7:13,"ළමයා උදෙන්ම නැගිටලා මූන හෝදලා  කෑම අරගෙන ඉස්කෝලෙ යනවා
",1,4,2,7,"මුව පැටියව  උගුලකට හසු වෙලා ඉන්නවා දැකපු ළමයි දෙන්නෙක් මුව පැටියව බේරගෙන එයාගේ අම්මා ගාවට ගිහිල්ලා දෙනවාා
",4,2,1,7,"උදෙන්ම නැගිටලා දත් මැදලා දෙමව්පියන්ට වැඳලා පාසල් යනවා
",2,4,2,8,"අම්මෙකුයි දුවෙකුයි කැවුම් කොකිස් සදලා එහාපැත්තෙ ගෙදරටයි මෙහා පැත්තෙ ගෙදරටයි පැත්තෙ ගෙදරටයි මෙහා පැත්තෙ ගෙදරටයි  දෙනවා
",5,2,1,8,30,50.00,Average
10/7/2025 7:14,ළමයෙක් උදෙන්ම නැගිටලා මූණ සෝදලා ඇඳුම් ඇඳගෙන ආහාර ගෙන පාසල් යනවා,1,4,2,7,"මුව පැටියෙක් දඩයක්කාරයෙක්ගේ උගුලකට හසුවෙලා පුංචි ළමයි දෙන්නෙක් දැකලා මුව පැටියාව බේරගෙන මුව පැටියාගේ අම්මා ලඟට මුව පැටියව යවනවා
",6,2,1,9,"ළමයෙක් උදෙන්ම අවදි වෙලා දත් මැදලා මූණ සෝදලා අම්මටයි තාත්තටයි වැඳලා පාසල් යනවා
",3,4,3,10,"සිංහල අලුත් අවුරුද්දට අම්මා ළමයට දෙනවා  යාළුවට කැවුම් කිරිබත් ගිහින් දෙන්න කියලා එතකොට ළමයා තමන්ගේ යාළුවට ඒවා ගිහින් දෙනවා
",4,0,0,4,30,50.00,Average
10/7/2025 7:15,උදෑසනම නැගිට මූණ සෝදා කෑම කා පාසලට යයි,0,4,1,5,"කැලෑවක මුව පැටියෙක් උගුලකට හසු වී සිටිනවා ඊට පස්සේ ගෑණු ළමයෙකුයි පිරිමි ළමයෙකුයි  ඇවිත් ඒ පුංචි මුව පැටියව බේරගන්නවා
",7,2,2,11,"ළමයා උදෑසන නැඟිට දත් මැදලා මවට වැඳලා පාසල් යනවා
",2,4,3,9,"අම්මා කෑම  පාර්සලයක් පැක් කරමින් හිටියා ළමයාට දෙනවා  ළමයා ගිහින් ඒ ගෙදරට දෙනවා ඒ ළමයා ඒ කෑම පාර්සලය ගන්නවා
",4,4,4,12,37,61.67,Average
10/7/2025 7:16,"ළමයා උදෑසනින්ම නැගිට් මූණ සෝදයි කෑම කා ඉස්කෝලෙට යයි
",1,4,2,7,"ළමයි දෙන්නා යනකොට මුව දෙන්නෙක් ආවා ඊට පස්සේ ඉතින් මුවා පටලැවෙනවා දැකලා එයාව බේරලා කැලේට යවයි
",3,2,1,6,අම්මා උදෑසනම නැගිට  දරුවාව ලෑස්ති කර ළමයා අම්මාට වැඳ ඉස්කෝලෙට යයි,2,2,2,6,අක්කයි නංගියි දෙන්නා එකට මේ අවුරුද්දට කැවුම් ලස්සනට සාදයි ,0,0,0,0,19,31.67,Weak
10/7/2025 7:18,"පිරිමි ළමයා උදෑසනම නැගිටි ඊට පස්සේ මූණ කට සෝදා පිරිසිදු කර ගනියි  මීලඟට ඔහු  ආහාර ගැනීමට සූදානම් වෙයි  මීලඟට බෑගය සහ වතුර බෝතලය රැගෙන ඔහු පාසලට යයි
",4,3,4,11,"ළමයි දෙන්නේ දෙන්නෙක් මුව පැටියෙක්ව උගුලකට හසු වීම සිටින ආකාරය දකි  ඉන්පසුව ඇය සහ ඔහු  මුව පැටියව උගුලෙන් බේරා ගැනීමට උත්සාහ කරයි එය මුව අම්මා බලා සිටි ඊට පසුව අම්මා සහ මුව පැටියා සතුටින් නැවත වනාන්තරයට යයි
",7,4,4,15,"පිරිමි ළමයෙක් නැගිටි ඊට පස්සේ ඔහු ජනේලයෙන්  අවට පරිසරය බලයි ඊට පස්සේ ඔහු දත් මැද  මූණ සෝදා  දෙමව්පියන්ට වැඳ පාසල් යාමට පිටත් වෙයි
",4,4,4,12,"දුවෙක් සහ අම්මා කෙනෙක් අවුරුදු කෑම මේසය සඳහා කැවිලි පිළියෙල  කරයි ඉන්පසු අම්මා දුවට අනෙක් ගෙදරට ලබා දීමට කැවිලි වට්ටිය ලබා දෙයි  ඊට පස්සේ අනෙක් ගෙදර සිටින කෙනාට කැවිලි වට්ටිය ලබා දෙයි ඊට පස්සේ අනිත් ගෙදර සිටින කෙනා  කැවිලි වට්ටිය සතුටින් භාර ගනියි
",6,3,4,13,51,85.00,Normal
10/7/2025 7:18,"එක දවසක් ළමයෙක් ඉස්කෝලෙ යන්න උදේ පාන්දර නැගිටලා මූණ සෝදලා ලෑස්ති වෙලා බත් කාලා ඉස්කෝලෙ යනවා
",1,4,1,6,"එක දවසක් මුව පැටියෙක් උගුලකට හසුවෙනවා ළමයි  දෙන්නෙක් ඒක දැකලා ඒ මුව පැටියාව බේරගෙන අම්මා දුකින් අඩ අඩ ඉන්නවා දැකලා පැටියව අම්මට භාරදීලා ඒ දෙන්නා සතුටින් යනවා 
",6,4,3,13,"ළමයෙක් නැගිටලා දත් මැදලා මූණ සෝදලා අම්මටයි තාත්තටයි වැඳලා පාසල් යනවා
",3,4,3,10,"දවසක් අම්ම කෙනෙක් කැවුම් කිරිබත් කෙසෙල් ඒවා හදලා ළමයගේ අතේ  එහා ගෙදර අයට ඒ කෑම එක දෙනවා 
",3,2,1,6,35,58.33,Average
10/7/2025 7:19,"ළමයෙක් උදේම නැගිට මූණ සෝදගෙන දත් මැදගෙන කාලා  වතුර බීලා ඉස්කෝලෙ යන්න ගියා
",1,4,2,7,"ළමයි දෙන්නෙක් මුවෙක් දැකලා එයාගේ පස්සෙන්  යනකොට දැක්කා එයාගේ අම්මා  පැටියව ළමයි දෙන්නව අල්ලගෙන ඉන්නවා ඊට පස්සේ
",3,0,0,3,"උදෙන්ම නැගිටලා ළමයෙක් වතුර බීලා ඇඳෙන් නැගිටලා දත් මැදලා මූණ හෝදගෙන අම්මට වැඳලා තාත්තටත් වැඳලා යන්න ගියා
",3,3,3,9,"අම්මයි දුවයි අවුරුද්ද දවසේ කෑම උයලා ළමයාට කියනවා එහා ගෙදරට මේක ගිහින් දෙන්න ඒක නිසා  එහා ගෙදරට  ඒ ළමයට මේක ගෙදරට යන්න ගියාා
",2,2,2,6,25,41.67,Weak
10/7/2025 7:20,"එක  ළමයෙක් පාන්දරම නැගිටිනවා  ඊට පස්සේ එයා මුහුණ සෝදනවා ඊට පස්සේ කෑම කනවා  ඊට පස්සේ ඉස්කෝලෙ යනවා
",1,4,1,6,"මේ ළමයි දෙන්නා දකිනවා එක මුවෙක් උගුලකට අහුවෙලා ඉන්නවා මේ ළමයි දෙන්නා ඊට පස්සේ  මුව පැටියව  බේරගන්න කොටම එයාගේ අම්ම හිතන්නො හිතන්නෙ මුව පැටියාව හොරකම් කරන්න හදනවා කියලා ඊට පස්සේ මෙයාව  ඒගොල්ලෝ ගලවලා එයාගේ අම්මට දෙනවා
",5,2,0,7,"එක ළමයෙක් උදේ නැගිටිනවා ඊට පස්සේ එයා දත් මදිනවා ඊට පස්සේ එයා අම්මට වැඳලා ඉස්කෝලෙ යනවා
",2,4,3,9,"එක අම්ම කෙනෙක් ගාව තිබ්බ කෑම වර්ගයක් ඒ  අම්මා කිව්වා ඒ ටික එයාගේ දුවට කිව්වා අල්ලපු ගෙදරදුවට දෙන්න කියලා මේ ටික ඒ හින්දා ඒ ටික ඔතලා එයාට දුන්නා ඊට පස්සේ ඒ දුව ගිහින් අල්ලපු ගෙදර දුවට දුන්නා
",4,4,3,11,33,55.00,Average
10/7/2025 7:21,"ළමයා උදෑසන අවදි වී  මූණ කට සෝදාආහාර කා ඔහු ඊට පසු පාසල් ගියෙමි 
",1,4,1,6,"ළමයි දෙදෙනෙක් කැලේ මැදින් යන විට මුවෙක් උගුලකට හසු වී සිටින විට ඔවුන්  ඒ මුව පැටියාව බේරගෙන  ඔහුගේ අම්මා ඒ අසලින් සිටින විට ඔහුගේ අම්මා සිතා තියෙන්නේ මොහුව විකිණීමටඋත්සාහ කරනවා කියලා හැබැයි ළමයි දෙන්නා  ඒ මුව පැටියව  මුව අම්මාට භාර දුන්නේය
",5,2,1,8,"තවත් ළමයෙක් උදෑසන අවදි වීම දත් මැද මූන සෝදා අම්මාට වැඳ පාසල් ගියා
",2,4,3,9,"අම්මා කෙනෙකුට ඇයගේ දුවට කැවිලි භාගයක් දී අල්ලපු ගෙදර ඉන්න දුවට මේක ඇවිලි දෙන්න කියාපන් දුවට කීවෙමි අල්ලපු ගෙදර ඉන්න දුවට ඒ කැවිලි දි අල්ලපු ගෙදර සිටින දුව ස්තූතියි කියා එය භාර ගත්තෙමි
",3,2,2,7,30,50.00,Average
10/7/2025 7:22,"ළමයෙක් උදෑසන අවදි වී මූණ කට  සෝදා ආහාර  ගෙන පාසල් ගියා
",1,4,1,6,"ළමයි දෙදෙනෙක් කැලය  අතරින් යන විට මුව පැටියෙක් උගුලකට හසු වීම සිටින බව දුටුවේය ඔවුන් ඒ මුව පැටියාව බේරගෙන මව සොයා  ගොස් ඒ මවට භාරදී  මවත් සමඟ පැටියා ගියේය
",5,2,0,7,"තවත් ළමයෙක් උදෑසන අවදි වීම දත් මැද  මූණ සෝදා අම්මාට තාත්තාට  වැඳ පාසල් ගියේය
",3,4,3,10,"අම්මා තම දුවට කැවිලි දුන්නාය එවිට ඒ ළමයා කැවිලි අරගෙන අල්ලපු ගෙදර ළමයාට දුන්නාය ඒ ළමයා  එය ස්තුතියි කියා  ගත්තේය
",5,2,3,10,33,55.00,Average
10/18/2025 15:14:51,ළමයා නැගිට්ටා මූණ හෝදගෙන කෑම කනවා ඉස්කෝලෙ යනවා,1,4,1,6,ළමයි මුවෙක් දැක්කා මුවා අල්ලා ගත්තා ඔවුන් උදව් කරනවා මුවා යනවා,2,1,0,3,පුතා නැගිට්ටා දත් මැද්දා ඉස්කෝලෙ යන්න ,2,2,0,4,අම්මා කෑම හදනවා දුව බලන් ඉන්නවා ගිහින් දෙනවා,3,1,0,4,17,28.33,Weak
10/18/2025 15:15:43,ඉර ආවා ළමයා නැගිට්ටා එයා හෝදනවා කන්න යන්න,1,2,0,3,මුවා උගුල ළමයි දකිනවා එයාලා ලණු කපලා මුවා ගෙදර යනවා,3,1,0,4,එයා ඉඳගෙන ඉන්නවා ම්ම්ම් බුරුසුව බායි අම්මා,0,0,0,0,අම්මා පිඟානකට මොනාද දානවා දුව ගිහින් දෙනවා,3,1,0,4,11,18.33,Weak
10/18/2025 15:16:42,උදේ පාන්දරින්ම හිරු උදාවන විට පිරිමි ළමයා අවදි වෙනවා ඔහු මුහුණ සෝදාගෙන උදෑසන ආහාරය ගෙන පසුව සතුටින් පාසලට යයි,2,4,3,9,දවසක් පිරිමි ළමයෙකු‍යි ගැහැණු ළමයෙකුයි උගුලක සිරවී සිටින මුව පැටවෙකු දැක්කා ඔවුන් ඉක්මනින් පැමිණ ඌව නිදහස් කළා මුව අම්මා හරිම දුකෙන් ඈත ඉදන් බලාගෙන ඉන්නවා දකපු ලමයි දෙන්නා මුව පැටයව මුව අම්මාට බාර දීලා මුව පැටියයි අම්මයි සතුටින් කැලෑවට යන දිහා බලගෙන හිටියා,9,4,5,18,පිරිමි ළමයා උදේ පාන්දරින්ම අවදි වෙලා දත් මැදලා පාසල් නිල ඇඳුම් ඇඳගෙන දෙමව්පියන්ට වැඳලා පොත් බෑග් එක පිටේ එල්ලගෙන වට පිටාවෙ තියෙන ලස්සන ගස් දිහා බල බල සතුටින් පාසලට යනවා,5,4,4,13,ගැහැණු ළමයෙක් අම්මා කැවිලි පිඟානක් හදන හැටි බලාගෙන ඉන්නවා පස්සේ අම්මා ඒ ගෑනු ළමයගෙ අතට කැවිලි පිඟාන කොලේකින් ඔතල දෙනවා දීලා කියනවා එයාගේ යාළුවට ගිහින් දෙන්න කියලා ඊට පස්සෙ ඒ පුංචි ගෑණු ළමයා එයාගේ යාළුවගේ ගෙදර යනවා ඊට පස්සේ ඒක යාළුවගේ අතට දීලා යාළුවා සතුටින් බාරගන්නවා,6,4,5,15,55,91.67,Normal
10/19/2025 15:16:42,,0,0,0,0,,0,0,0,0,,0,0,0,0,,0,0,0,0,0,0.00,Weak
10/18/2025 15:17:29,"පිරිමි ළමයා ඇඳෙන් අවදි වී ලස්සන උදෑසනක් දකිනවා ඔහු වතුර අරගෙන මුහුණ සෝදාගෙන උදේ ආහාර ගෙන පාසලට පිටත් වේ
",2,4,3,9,"උගුලක සිරවී සිටි කුඩා මුවෙකු එක පිරිමි ළමයෙකු‍යි ගැහැණු ළමයෙකුයි දැක්කා ඔවුන් පරිස්සමින්  කඹය ලිහා මුවාව බේරගත්තා  මුව අම්මා හරිම දුකෙන් ඈත ඉදන් බලාගෙන ඉන්නවා දකපු ලමයි දෙන්නා ඉක්මනින්ම මුව පැටයව මුව අම්මාට බාර දීලා මුව පැටියයි අම්මයි සතුටින් කැලෑවට යන දිහා බලගෙන හිටියා
",9,4,5,18,"උදෑසනම පුංචි පිරිමි ළමයෙක් අවදි වෙනවා ඊට පස්සේ එයා ළිඳ ළඟට ගිහිල්ලා දත් බුරුසුවත් අරගෙන දත් මැදලා මූන හෝදගෙන පාසල් නිළ ඇඳුම ඇඳගෙන අම්මටයි තාත්තටයි වඳිනවා පස්සේ පොත් බෑග් එකත් කරේ එල්ලගෙන බායි කියලා ඉස්කෝලෙ යනවා
",5,4,5,14,"ගැහැණු ළමයෙක් අම්මා කැවිලි පිඟානක් හදන හැටි බලාගෙන ඉන්නවා පස්සේ අම්මා ඒ ගෑනු ළමයගෙ අතට කැවිලි පිඟාන කොලේකින් ඔතල දෙනවා දීලා කියනවා එයාගේ යාළුවට ගිහින් දෙන්න කියලා ඊට පස්සෙ ඒ පුංචි ගෑණු ළමයා යාළුව හොයාගෙන  යාළුවගේ ගෙදර යනවා ඊට පස්සේ ඒක යාළුවගේ අතට දීලා යාළුවා ස්තුති කරලා සතුටින් බාරගන්නවා
",6,4,5,15,56,93.33,Normal
10/18/2025 15:18:22,ඉර පායගෙන එනකොට පිරිමි ළමයා ඇහැරුනා මූණ හෝදගෙන උදේ කෑම කාලා බෑග් එකත් අරන් වතුර බෝතලෙත් අරන් ඉස්කෝලෙට යනවා,4,4,4,12,"මුව පැටවෙකු උගුලකට හසුවෙලා ඉන්නවා පිරිමි ළමයයි ගැහැණු ළමයයි දකලා දුක හිතිලා එයාට උදව් කළා මුවා නිදහස් කරලා මුව අම්මා හරිම දුකෙන් ඈත ඉදන් බලාගෙන ඉන්නවා දකපු ලමයි දෙන්නා මුව පැටයව මුව අම්මාට බාර දීලා මුව පැටියයි අම්මයි සතුටින් කැලෑවට යන දිහා බලගෙන හිටියා 
",9,4,5,18,"පුංචි පිරිමි ළමයා උදේ පාන්දරින්ම නැඟිටලා දත් මැදලා මූණ හෝදගෙන පිරිසිදු වෙලා පාසල් නිළ ඇඳුම ඇඳගෙන දෙමාපියන්ට වැඳලා පොත් බෑග් එක පිටේ එල්ලගෙන සතුටින් පාසලට යන්න පිටත්  වුණා
",5,4,4,13,"ගැහැණු ළමයෙක් අම්මා කැවිලි පිඟානක් හදන හැටි බලාගෙන ඉන්නවා පස්සේ අම්මා ඒ ගෑනු ළමයගෙ අතට කැවිලි පිඟාන කොලේකින් ඔතල දෙනවා දීලා කියනවා එහා ගෙදර නංගිට ගිහින් දෙන්න කියලා ඊට පස්සෙ ඒ පුංචි ගෑණු ළමයා නංගිගේ ගෙදර යනවා ඊට පස්සේ ඒක නංගිගේ අතට දීලා නංගිට සතුටින් බාරගන්නවා
",6,4,5,15,58,96.67,Normal
10/18/2025 15:21:51,ළමයා ඇඳෙන් නැගිටිනවා මූණ හෝදගන්නවා එයා බත් කනවා ඉස්කෝලෙ යන්න,1,3,2,6,මුවා අඬනවා පිරිමි ළමයෙක් ගැහැණු ළමයෙක් එනවා මුවාට උදව් කරන්න මුවා යනවා,5,0,0,5,උදේම නැගිටිනවා මූණ මදින්නවා එළියට යනවා,0,1,0,1,අම්මා කෑම උයනවා ම් පිඟාන දෙනවා ළමයා මේ අරන් යනවා,3,1,0,4,16,26.67,Weak
10/18/2025 15:22:57,ඔහු අවදි වෙනවා ඔහු මුණ සෝදනවා ඔහු කනවා ඔහු පාසල් යනවා,1,4,2,7,පොඩි මුවා ලණුව අල්ලනවා ළමයින් උදව් කරනවා ලොකු මුවා එනවා,2,1,0,3,ළමයා නැගිටිනවා දත් මදිනවා ඉස්කෝලෙ යන්න,1,2,0,3,අම්මා කැවිලි හදනවා දුවට දෙනවා එයා යනවා,3,1,0,4,17,28.33,Weak
10/18/2025 15:23:53,ළමයා ඇහැරුනා මූණ හෝදගෙන බත් කාලා ඉස්කෝලෙ ගියා,1,4,1,6,ලණුවේ ඉන්න මුවා පිරිමි ළමයෙක් ගැහැණු ළමයෙක් උදව් කරනවා මුවා නිදහස් කරා යන්න,5,1,0,6,නැගිටිනවා ඇඳුමක් ඇඳගන්නවා යන්න,0,1,0,1,අම්මා කැවිලි උයනවා දුවට දෙනවා එයා යනවා,3,1,0,4,17,28.33,Weak
10/18/2025 15:25:16,පිරිමි ළමයා උදේ පාන්දරින්ම අවදි වී පාසල් යන්න සූදානම් වීමට මුහුණ සෝදාගෙන උදෑසන ආහාරය ගෙන ලස්සන සිනහවකින් පාසලට යයි,2,4,3,9,"පිරිමි ළමයයි ගැහැණු ළමයයි කැලෑවෙ අවිදින්න යනකොට මුව පැටවෙකු උගුලක අහුවෙලා අඬනවා දැක්කා ඔවුන් උගේ බෙල්ලේ තිබූ කඹය ලිහා දැමුවා ඊට පස්සේ ඒ දෙන්නා දක්කා මුව අම්මා හරිම දුකෙන් ඈත ඉදන් බලාගෙන ඉන්නවා ඊට පස්සේ පැටියව මුව අම්මා ලගට යන්න ඇරියා මුව පැටියයි අම්මයි සතුටින් කැලෑවට යන දිහා බලගෙන හිටියා
",9,4,5,18,"පුංචි පිරිමි ළමයෙක් උදාසනම අවදි වෙලා ඉන්නවා ඔහු උදෑසන අවදි වී දත් මැදලා මූණ හෝදගෙන පාසල් යන්න සූදානම් වී බෑගය රැගෙන දෙමාපියන්ට වැඳීමෙන් පසු පාසලට යන්න පිටත් උනා
",5,4,4,13,"ගැහැණු ළමයෙක් අම්මා කැවිලි පිඟානක් හදන හැටි බලාගෙන ඉන්නවා පස්සේ අම්මා ඒ ගෑනු ළමයගෙ අතට කැවිලි පිඟාන කොලේකින් ඔතල දෙනවා දීලා කියනවා එහා ගෙදර නංගිට ගිහින් දෙන්න කියලා ඊට පස්සෙ ඒ පුංචි ගෑණු ළමයා නංගිව හොයාගෙන  නංගිගේ ගෙදර යනවා ඊට පස්සේ ඒක නංගිගේ අතට දීලා නංගි ස්තුති කරලා සතුටින් බාරගන්නවා
",6,4,5,15,55,91.67,Normal
10/18/2025 15:26:07,"උදේ පාන්දරම පිරිමි ළමයා ඇහැරිලා මූණ හෝදගෙන පාසල් ඇඳුමින්  සැරසිලා බත් කාලා පොත් බෑග් එක පිටේ එල්ලගෙන වතුර බෝතලයත් අරන් ඉස්කෝලෙට යනවා
",4,4,5,13,"දවසක් පිරිමි ළමයෙකු‍යි ගැහැණු ළමයෙකුයි වනාන්තරයේ ඇවිදිමින් සිටියදී දවසක් පිරිමි ළමයෙකු‍යි ගැහැණු ළමයෙකුයි සිරවී සිටින මුව පැටවෙකු දැක්කා ඔවුන් මුවා නිදහස් කළා ඊට පස්සේ ඒ දෙන්නා දක්කා මුව අම්මා හරිම දුකෙන් ඈත ඉදන් බලාගෙන ඉන්නවා ඊට පස්සේ පැටියව මුව අම්මා ලගට යන්න මුව පැටියා සතුටින් අම්මා ලගට ගියා ඊට පස්සේ එ දෙන්නා සතුටින් කැලෑවට ගියා
",9,4,5,18,"එක දවසක් එක උදෑසනක පුංචි පිරිමි ළමයෙක් වේලාසනින්ම අවදි වුණා ඊට පස්සේ එයා ළිඳ ළඟට ගිහිල්ලා දත් බුරුසුව අරගෙන දත් මැදල මූන හෝදලා පාසල් යන්න සැරසිලා බෑග් එකත් ලෑස්ති කරගෙන අම්මටයි තාත්තටයි වැඳලා පාසල් යන්න පාර දිගේ පිටත් වුණා
",5,4,5,14,"ලස්සන ගමක තිබුණු ගෙවල් දෙකක පුංචි ගෑණු ළමයි දෙන්නෙක් හිටියා මෙයාල දෙන්නා හොඳම යාළුවෝ ඉතින් දවසක් එක ගෑණු ළමයෙක්ගෙ අම්ම කෙනෙක් රසම රස කැවිලි වගයක් හදලා ඒක එයාගේ දුවට දුන්නා ඒක ගිහිල්ල එයාගේ යාළුවට දෙන්නෙ කියල ඉතින් එයා ඒක අරං ගිහිල්ල එයාගේ යාළුවගේ අතට දුන්නා යාළුවත් සතුටින් ස්තුති කරලා බාරගත්තා
",6,4,5,15,60,100.00,Normal
10/18/2025 15:36:54,ඉර පායනවා ළමයා නැගිටිනවා මූණ හෝදනවා කනවා ඉස්කෝලෙ යනවා,1,4,2,7,මුව පැටියා උගුලට ළමයා උදව් කරනවා මුවා යනවා,4,0,0,4,එයා ඇහැරුනා දත් මදිනවා ඉස්කෝලෙ යනවා,0,3,0,3,අම්මා පිඟානක් දෙනවා ළමයා යාළුවාට දෙනවා,3,1,0,4,18,30.00,Weak
10/18/2025 15:38:13,"පිරිමි ළමයා නින්දෙන් අවදි වෙලා මුහුණ පිරිසිදු කරගෙන පාසල් යන්න සැරසිලා ආහාර අරගෙන පොත් බෑග් එක පිටේ එල්ලගෙන වතුර බෝතලයත් අරන් සතුටින් පාසලට යයි
",4,4,5,13,"කැලෑවක පුංචි මුව පැටියෙක් උගුලකට අහුවෙලා ඉන්නවා පුංචි පිරිමි ළමයෙකුයි ගෑනු ළමයෙකුයි යනකොට මේ මුව පැටියාව දකිනවා ඊට පස්සේ ඒ දෙන්නා එකතුවෙලා ප්‍රවේශමෙන් පැටියාව උගුලෙන් ගලවගන්නවා ඊට පස්සේ ඒ දෙන්නා දක්කා මුව අම්මා හරිම දුකෙන් ඈත ඉදන් බලාගෙන ඉන්නවා පැටියව මුව අම්මා ලගට යන්න ඇරියා මුව පැටියයි අම්මයි සතුටින් කැලෑවට යන දිහා බලගෙන හිටියා
",9,4,5,18,"ලස්සන ගමක පුංචි පිරිමි ළමයෙක් උදේ පාන්දරම අවදිවෙලා දත් මදිනවා ඊට පස්සේ ඇඟ පොත හෝද ගන්නවා පාසල් නිල ඇඳුම් ඇඳගෙන දෙමව්පියන්ට වැඳලා පොත් බෑග් එකත් අරගෙන පාසල් යනවා
",5,4,5,14,"ලස්සන ගමක තිබුණු ගෙවල් දෙකක පුංචි ගෑණු ළමයි දෙන්නෙක් හිටියා මෙයාල දෙන්නා හොඳම යාළුවෝ ඉතින් දවසක් එක ගෑණු ළමයෙක්ගෙ අම්ම කෙනෙක් රසම රස කැවිලි වගයක් හදලා ඒක එයාගේ දුවට දුන්නා ඒක ගිහිල්ල එයාගේ යාළුවට දෙන්නෙ කියල ඉතින් එයා ඒක අරං ගිහිල්ල එයාගේ යාළුවගේ අතට දුන්නා යාළුවත් සතුටින් ස්තුති කරලා බාරගත්තා
",6,4,5,15,60,100.00,Normal
10/18/2025 15:41:36,එයා ඇහැරුනා මූණ වතුරෙන් හෝදගන්න කෑම කන්න යන්න,0,2,0,2,පිරිමි ළමයා මුවාව දකිනවා ගැහැණු ළමයා කඹය කපනවා මුවා ආපසු යනවා,5,1,0,6,ළමයා වතුර බොනවා මදිනවා යනවා,1,1,0,2,ළමයා අම්මා බලගෙන ඉන්නවා අම්මා කෑම දෙනවා දුව ගෙනියනවා,2,1,0,3,13,21.67,Weak
10/18/2025 15:42:45,ළමයා නින්දෙන් ඇහැරුනා මූණ හෝදගෙන කනවා සතුටින් ඉස්කෝලේ යනවා,1,4,2,7,මුවා අඬනවා ළමයි උදව් කරනවා මුවා අම්මා ළඟට දුවනවා,3,1,1,5,නැගිටිනවා කට හෝදගනවා ම්ම්ම් ඉස්කෝලෙ ම්ම්,0,1,0,1,අම්මා කැවිලි හදනවා දුව ගන්නවා යනවා,5,0,0,5,18,30.00,Weak
10/18/2025 15:44:23,පිරිමි ළමයා ඉර එළිය දකින විට අවදි වෙනවා මූණ කට හෝදගෙන ඉස්කෝලෙ යන්න සැරසිලා කෑම කාලා  පොත් බෑග් එකත් පිටේ එල්ලගෙන වතුර බෝතලෙත් අතේ අරගෙන ඉස්කෝලෙ යනවා,4,4,5,13,"දවසක් පිරිමි ළමයෙකුයි ගෑනු ළමයෙකුයි කැලේ ඇවිදගෙන යනකොට දැක්ක පුංචි මුව පැටියෙක් උගුලකට අහුවෙලා අඬ අඬ ඉන්නවා ඊට පස්සේ ඒ දෙන්නා එකතුවෙලා ඒ ලණු ගලෝලා උගුලෙන් බේරගන්නවා මුව අම්මා හරිම දුකෙන් ඈත ඉදන් බලාගෙන ඉන්නවා ලමයි දෙන්නා මුව පැටයව මුව අම්මාට බාර දීලා මුව පැටියයි අම්මයි සතුටින් කැලෑවට යන දිහා බලගෙන හිටියා 
",9,4,5,18,"පිරිමි ළමයා අවදි වෙලා දත් මැදල පාසල් යාමට නිළ ඇඳුමින් සූදානම් වෙනවා ඔහු පොත් බෑග් සූදානම් කරගෙන දෙමාපියන්ට නමස්කාර කර සතුටින් පාසලට යනවා
",5,4,4,13,"ගැහැණු ළමයෙක් අම්මා කැවිලි පිඟානක් හදන හැටි බලාගෙන ඉන්නවා පස්සේ අම්මා ඒ ගෑනු ළමයගෙ අතට කැවිලි පිඟාන කොලේකින් ඔතල දෙනවා දීලා කියනවා එයාගේ යාළුවට ගිහින් දෙන්න කියලා ඊට පස්සෙ ඒ පුංචි ගෑණු ළමයා රස කැවිලි පිඟානත් අරගෙන යාළුවගේ ගෙදර යද්දි යාළුවා දුවගෙන ඉස්සරහට ආවා ඉතින්  රස කැවිලි පිඟාන යාළුවාට දෙද්දි දෙන්නටම හරිම සතුටු හිතුනා
",6,4,5,15,59,98.33,Normal
10/18/2025 15:45:25,"එක උදෑසනක පිරිමි ළමයෙක් නැගිටලා මූණ හෝදගෙන ඉස්කෝලෙ යන්න ලෑස්ති වෙලා උදේ කෑම කාලා පොත් බෑග් එකක් පිටේ එල්ලගෙන වතුර බෝතලෙත් අතින් අරගෙන සතුටින් ඉස්කෝලෙට යනවා
",4,4,5,13,"පුංචි පිරිමි ළමයෙකුයි ගෑනු ළමයෙකුයි කැලෑව ඇවිදින අතරතුර මග උගුලකට හසු වෙලා ඉන්න මුවෙක් දැක්කා ඔවුන් දෙන්නා එකතු වෙලා මුව පැටියාට උදව් කළා ඒ දෙන්නා දක්කා මුව අම්මා හරිම දුකෙන් ඈත ඉදන් බලාගෙන ඉන්නවා පැටියව මුව අම්මා ලගට යන්න ඇරියා   මුව පැටියා අම්මා ලගට දුවගෙන ගියා මුව පැටියයි අම්මයි සතුටින් කැලෑවට යන දිහා බලගෙන හිටියා
",9,4,5,18,"එක ගමක පුංචි පිරිමි ළමයෙක් ඉන්නවා ඔහු උදේ පාන්දරින්ම නැගිටලා  බුරුසු අරගෙන දත් මැදල මූණ සෝදලා පාසල් ඇඳුම් ඇඳගෙන දෙමාපියන්ට වැඳලා පොත්බෑගයක් ලෑස්ති කරගෙන පාසල වෙත යනවා
",5,4,4,13,"ගැහැණු ළමයෙක් අම්මා කැවිලි පිඟානක් හදන හැටි බලාගෙන ඉන්නවා පස්සේ අම්මා ඒ ගෑනු ළමයගෙ අතට කැවිලි පිඟාන කොලේකින් ඔතල දෙනවා දීලා කියනවා එහා ගෙදර නංගිට ගිහින් දෙන්න කියලා ඊට පස්සෙ ඒ පුංචි ගෑණු ළමයා රස කැවිලි පිඟානත් අරගෙන නංගිලා ගෙදර යද්දි නංගි දුවගෙන ඉස්සරහට ආවා රස කැවිලි පිඟාන නංගිට දුන්නම නංගි හරිම සතුටු උනා
",6,4,5,15,59,98.33,Normal
10/19/2025 15:45:25,,0,0,0,0,,0,0,0,0,,0,0,0,0,,0,0,0,0,0,0.00,Weak
10/18/2025 15:46:26,"පිරිමි ළමයා අවදි වී නැවුම් බවක් දැනීමට මුහුණ සෝදා ගනී පාසල් යන්න සැරසිලා ඔහු උදෑසන ආහාරය ගෙන බෑගයද වතුර බෝතලයද රැගෙන පාසලට යයි
",4,4,4,12,"මුව පැටියෙක් උගුලකට හිරවෙලා ඉන්නවා පුංචි පිරිමි ළමයෙකුයි ගෑනු ළමයෙකුයි එයාට උදව් කළා ගැහැණු ළමයා මුවා අල්ලගෙන ඉන්නකොට පිරිමි ළමයා කඹය ලිහලා දැම්මා ඊට පස්සේ මුව අම්මා හරිම දුකෙන් ඈත ඉදන් බලාගෙන ඉන්නවා දකපු ලමයි දෙන්නා මුව පැටයව මුව අම්මාට බාර දීලා මුව පැටියයි අම්මයි සතුටින් කැලෑවට යන දිහා බලගෙන හිටියා
",9,4,5,18,"ලස්සන ගමක දවසක් උදේ පාන්දරින්ම ළමයෙක් අවදි වෙලා ජනේලෙන් ලස්සනට ඉර පායලා තියෙන හැටි බලනවා ඊට පස්සේ දත් බුරුසුව අරගෙන  දත් මැදල මූණ සෝදලා පාසල් නිල ඇඳුම ඇඳගෙන දෙමව්පියන්ට වැඳලා පොත් බෑග් එකත් අරගෙන සතුටින් පාසල් යනවා

",5,4,5,14,"එක දවසක් අම්මා කෙනෙක් කැවිලි පිඟානක් හදහද ඉන්න ගමන් එයාගේ දුවට කියනවා මේ කැවිලි පිඟානේ ගිහිල්ලා යාලුවට දෙන්න කියලා ඊට පස්සේ ඒ ගෑණු ළමයා ඒක අරගෙන එයාගේ යාළුවගේ ගෙදර ගිහිල්ලා යාළුවට දෙනව දෙන්නම සතුටු උනා
",6,4,5,15,59,98.33,Normal
10/18/2025 15:48:37,"පිරිමි ළමයා ඇඳෙන් අවදි වී මුහුණ සෝදා  පාසල් යන්න සැරසිලා ආහාර අනුභව කර පොත් බෑගයද වතුර බෝතලයද රැගෙන සිනාසෙමින් පාසලට යයි
",4,4,4,12,"කැලෑවෙ අවිදින පිරිමි ළමයෙකුටයි ගෑනු ළමයෙකුටයි උගුලක සිරවී සිටින මුව පැටියෙක් ඉතින් ඉක්මනින් අවිල්ලා ඌව නිදහස් කළා මුව අම්මා හරිම දුකෙන් ඈත ඉදන් බලාගෙන ඉන්නවා දකපු ලමයි දෙන්නා මුව පැටයව මුව අම්මාට බාර දීලා මුව පැටියයි අම්මයි සතුටින් කැලෑවට යන දිහා බලගෙන හිටියා
",9,4,4,17,"එක පුංචි ගමක පුංචි පිරිමි ළමයෙක් ජීවත් වුණා මෙයා ඉස්කෝලෙ යන්න හරිම ආසයි ඉතින් මෙයා හැමදාම උදේම නැගිටලා දත් මැදල මුන හෝදගෙන ආසාවෙන් ඉස්කෝලෙ යන්න ඇඳුම් ඇඳගෙන අම්මටයි තාත්තටයි වැඳලා පොත් බෑග් එකක් පිටේ එල්ලගෙන පාසල් යනවා
",5,4,5,14,"එක දවසක් අම්මා කෙනෙක් කැවිලි පිඟානක් හදහද ඉන්න ගමන් එයාගේ දුවට කියනවා මේ කැවිලි පිඟානේ ගිහිල්ලා එහා ගෙදර  නංගිට දෙන්න කියලා ඊට පස්සේ ඒ ගෑණු ළමයා ඒක අරගෙන නංගිගේ ගෙදර ගිහිල්ලා නංගිට දෙනව දෙන්නම සතුටු උනා
",6,4,5,15,58,96.67,Normal
,"ළමයෙක් උදෙන්ම නැගිටලා මූණ සෝදලා බත් කාලා පාසල් යනවා
",1,4,2,7,"මුව පැටියව  උගුලකට හසු වෙලා ඉන්නවා දැකපු ළමයි දෙන්නෙක් මුව පැටියව බේරගෙන එයාගේ අම්මා ගාවට ගිහිල්ලා දෙනවාා
",4,2,1,7,"උදෙන්ම නැගිටලා දත් මැදලා දෙමව්පියන්ට වැඳලා පාසල් යනවා
",2,4,2,8,"අම්මෙකුයි දුවෙකුයි කැවුම් කොකිස් සදලා එහාපැත්තෙ ගෙදරටයි මෙහා පැත්තෙ ගෙදරටයි පැත්තෙ ගෙදරටයි මෙහා පැත්තෙ ගෙදරටයි  දෙනවා
",5,2,1,8,30,50.00,Average
,ළමයෙක් උදෙන්ම අවදි වෙනවා මූණ සෝදනවා කෑම  කනවා පොත් බෑගේ අතින් අරන් පාසල් යනවා,2,4,3,9,එක දවසක් පිරිමි ළමයෙකුයි ගෑනු ළමයෙකුයි කැලේ යනකොට මුවෙක් උගුලකට අහුවෙලා හිටියා දැක්කා ඊට පස්සේ දෙන්නා එකතුවෙලා ලනු කැබලි කපලා අගුලෙන් බේරගන්නවා ඊට පස්සේ මුවා අම්මා දුකින් බලාගෙන ඉන්නකොට පිරිමි ළමයයි ගෑණු ළමයයි මුව පැටියව මුව අම්මට භාර දීලා මුව පැටියයි මුවා අම්මා කැලේට සතුටින් යනවා,8,4,5,17,"උදෙන්ම නැගිටලා පිරිමි ළමයෙක් මූණ කට සෝදලා දෙමව්පියන්ට වැඳලා පාසල් යන්න ගියා
",4,4,4,12,"අවුරුදු කාලෙ ආව නිසා එයාගේ අම්මා එහා ගෙදරට දෙන්න කියලා රස කැවිලි කිහිපයක් දෙනවා ළමයයි ඊට පස්සේ ඒක එහා ගෙදර ගෙනාට ගිහින් දෙනවා
",4,3,3,10,48,80.00,Normal
,උදේ පාන්දරින්ම පිරිමි ළමයා අවදි වී මුහුණ සෝදා පාසල් ඇඳුමින්  සැරසිලා උදෑසන ආහාරය ගෙන පොත් බෑග් එක පිටේ එල්ලගෙන වතුර බෝතලයත් අරන් සතුටින් පාසලට යයි,4,4,4,12,පිරිමි ළමයයි ගැහැණු ළමයයි උගුලක සිරවී සිටින මුව පැටවෙකුට උදව් කරනවා ඉක්මනින් අවිල්ලා එයව නිදහස් කරලා ඊට පස්සේ මුව අම්මා හරිම දුකෙන් ඈත ඉදන් බලාගෙන ඉන්නවා දකපු ඒ දෙන්නා මුව පැටයව මුව අම්මාට බාර දීලා මුව පැටියයි අම්මයි සතුටින් කැලෑවට යන දිහා බලගෙන හිටියා,9,4,4,17,එක උදෑසනක ලස්සනට ඉර පායලා තිබ්බා පුංචි පිරිමි ළමයෙක් මේ උදෙන්ම නැගිටලා ජනේලෙන් ඉර පායලා තියෙන හැටි බලාගෙන හිටියා එයා මුලින්ම පිරිසිදු වතුර වීදුරුවක් බීලා ලිඳ ළඟට ගිහිල්ලා දත් බුරුසුව අරගෙන දත් මැදලා මූන සෝදගෙන පිරිසිදු වෙලා පාසල් යන්න ඇඳුම් ඇඳගෙන අම්මටයි තාත්තටයි වැඳලා පොත් පොත් බෑග් එකක් පිටේ එල්ලගෙන ඒගොල්ලන්ට අත වනාගෙන පාසලට යන්න පිටත් වුනා,5,4,5,14,අවුරුදු උදා වෙලා අම්මා කෝකිස් කැවුම් කෙසෙල් තියලා රස කැවිලි පිඟානක් හැදුවා පුංචි දුවත් අම්මා හදන එක සතුටින් බලාගෙන හිටියා අම්මා ඒවා ලස්සනට පිඟානක දාගෙන කොලක් දාගෙන ඔතලා දුන්නා පස්සේ කිව්වා මේක අරන් අසල්වැසි ගෙදරට ගිහින් අවුරුද්දට  සුභ පතලා එන්න කියලා දුව ඒක පරිස්සමින් අරගෙන අසල්වැසි යාළුවගේ ගෙදර ගියා යාළුවත් සිනා වෙලා එනකොට දුව කැවිලි පිඟාන දුන්නා දෙන්නාම සතුටින් සිනාසුනා,6,4,5,15,58,96.67,Normal
,එයා නැගිටිනවා හෝදගන්නවා බත් කනවා බෑග් එකත් අරන් යනවා,0,2,0,2,ගසේ ඉන්න මුව පැටියා පිරිමි ළමයා සහ ගැහැණු ළමයා එනවා උදව් කරන්න මුවා යනවා,6,1,0,7,උදේ එනවා දත් මදිනවා ඉස්කෝලෙට ඇවිදිනවා,0,1,0,1,අම්මා උයනවා ළැමයා බලන් ඉන්නවා ම්ම් පිඟාන ගන්නවා,2,1,0,3,13,21.67,Weak
,"උදෙන්ම නැගිටිනවා ඊට පස්සේ මූණ හෝදනවා ඊට පස්සෙ ඇඳගෙන පාසල් යන්න කනවා ඊට පස්සේ පාසල් යනවා 
",0,4,2,6,"ගසක මුවෙක් ගැට ගහලා තිබ්බා ළමයි දෙන්නෙක් ඇවිල්ලා ලණුව ලෙහලා දැම්මා මුව අම්මා හොන්දටම අදනවා ළමයි දෙන්නා මුව පැටියා ගෙනිහින් දුන්නා
",6,3,2,11,"ළමයා උදේම නැගිටිනවා ළමයා දත් මදිනවා ළමයා පාසල් යන්න අම්මටයි තාත්තාටයි වදිනවා ළමයා පාසල් යනවා
",3,4,3,10,"අවුරුදු කාලය ආවා ළමයාට අම්මා ළමයට කැවුම් කැවුම් ළමයා නෑයොන්ට දුන්නා ළමයා යාළුවාට කෑම දුන්නා
",2,1,0,3,30,50.00,Average
,පිරිමි ළමයා උදෙන්ම නැගිටලා ඉක්මනින් මූන හෝදලා ඇඳුම් ඇඳගෙන කෑම කාලා හතට පාසල් යනවා,2,4,2,8,"ළමයි දෙන්නේ ගැහැණු ළමයෙකුයි පිරිමිලාමයකුයි දැක්කා මුව පැටියෙක් උගුලකට අහුවෙලා ඉන්නවා ඒ ළමයි දෙන්නා උගුලෙන් බේරගත්තා ඊට පස්සේ මුව අම්මා දැක්කා ඒ දෙන්නා ගියා
",9,4,4,17,පිරිමි ළමයෙක් උදෙන්ම නැගිටලා වතුර බීලා දත කට මැදලා අම්මට වැඳල පාසල් යනවා,3,4,3,10,"අම්මා  අවුරුද්දට අනිත් ගෙවල්වලට අනිත් එයාගේ යාළුවන්ට බෙදීම  සඳහා බෙදන්න කෑම දෙනවා ඒ ළමයා ඒවා අරගෙන අනිත් යාලුවගෙ ගෙදරට යනවා ඒ ළමයත් සතුටන් ඒ ආහාර ගන්නවා
",4,2,2,8,43,71.67,Normal
,ඉර පායගෙන එනවා පිරිමි ළමයා ඇහැරෙනවා මූණ කට හෝදගෙන ඉස්කෝලෙ ඇඳුමින්  සැරසිලා උදේ කෑම කාලා පොත් බෑග් එක පිටේ එල්ලගෙන වතුර බෝතලයත් අරගෙන ගෙදරින් ඉස්කෝලෙට යනවා,4,4,5,13,දවසක් පිරිමි ළමයෙකුයි ගෑනු ළමයෙකුයි කැලේ ඇවිදගෙන යනකොට  පොඩි මුව පැටියෙක් උගුලකට අහුවෙලා කරදරයක වැටිලා ඉන්නවා ඊට පස්සේ පරිස්සමින්  කඹය ලිහලා මුවාව බේරගත්තා  මුව අම්මා හරිම දුකෙන් ඈත ඉදන් බලාගෙන ඉන්නවා දකපු ලමයි දෙන්නා ඉක්මනින්ම මුව පැටයව මුව අම්මාට බාර දීලා මුව පැටියයි අම්මයි සතුටින් කැලෑවට යන දිහා බලගෙන හිටියා,9,4,4,17,ලස්සනට ඉර පායලා තිබ්බ උදෑසනක පුංචි පිරිමි ළමයෙක් උදෙන්ම අවදි වෙලා පිරිසිදු වතුර වීදුරුවක්  බීලා ජනේලෙන් අවට ලස්සන බලාගෙන හිටියා ඊට පස්සේ එයා ළිඳ ළඟට ගිහිල්ල දත් බුරුසුව අරගෙන මූණ සෝදගෙන පිරිසුදු වෙලා පාසල් නිල ඇඳුම් ඇඳගෙන පොත් බෑග් එකක් ලෑස්ති කරගෙන අම්මටයි තාත්තටයි වැඳලා පොත් බෑග් අරගෙන පාර දිගේ පාසලට යන්න ගියා,5,4,5,14,අම්මා අවුරුද්දට කැවිලි හදලා පිඟානකට දාලා පිඟාන කොලේකින් ඔතලා දුවට දෙනවා  පුංචි දුව ඒක අරගෙන යාළුවගේ ගෙදරට යනවා පස්සේ කැවිලි පිඟාන යාළුවට දෙනවා යාළුව ඉස්තුති කරනවා,6,3,4,13,57,95.00,Normal
,"උදේම නැගිටලා  පිරිමි ළමයෙක් මූන කට  සෝදලා කෑම කාලා පොත්බෑගයක් අරන් ඉස්කෝලය වතුර බෝතලයකු තරම් ඉස්කෝලෙ යන්න  පටන් ගත්තා
",4,4,2,10,"මුව පැටියෙක්  උගුලක අහුවෙලා ඉන්නාවා පිරිමි ළමයකුයි ගෑනු ළමයෙකුයි ඇවිල්ලේ මුව පැටියව බේරගන්නා එයාගේ අම්මා දුකින් එයා  ඒ දිහා බලාගෙන ඉන්නවා පැටියයි මුවාමමයි සතුටින් කැලේට 
",9,4,5,18,"ළමයෙක් උදේම නැගිටි උදේම නැගිටිනවා පාසල් යෑම සඳහා ඊට පස්සේ දත් මැදලා මූන කට හෝදගන්නව ඊට පස්සේ දෙමව්පියන්ට වැඳලා සතුටින් පාසල් යනවා 
",3,4,4,11,"අම්මා රස කැවිලි හදනවා මම අම්මාට කිව්වා අම්මේ මාත් යාළුවාට රස කැවිලි ගිහින් දෙන්නම් කියලා අම්මා හා කිව්වා ඊට පස්සේ මම එයාට ගිහින් දෙන්න රස කැවිලි පීගාන සකස් කරගෙන ඔහුට ගිහින්  දුන්නා
",6,3,3,12,51,85.00,Normal
,පුතා නැගිටිනවා මූණ හෝදගන්නවා බත් කනවා ඉස්කෝලෙ යනවා,1,4,0,5,මුවා හිරවෙලා පිරිමි ළමයා උදව් කරයි ගැහැණු ළමයා කඹය කපනවා මුවා යනවා,5,1,0,6,ළමයා ඇහැරුනා අම්මාට ම් එයා යනවා,2,1,0,3,අම්මා කැවිලි පැක් කරනවා දුව අසල්වැසියාට දෙනවා,4,1,0,5,19,31.67,Weak
,ළමයා උදේම ඇහැරුනා මූණ හෝදගෙන බත් කනවා බෝතලයත් අරන් යනවා,2,3,0,5,මුවා අඬනවා ළමයි බලන්න ඉන්නවා එයාලා උදව් කරනවා මුවා නිදහස්,2,1,0,3,ඇහැරෙනවා ම් බුරුසුව ම් බෑග් එක අරන් ඉස්කෝලෙ යනවා,1,2,0,3,අම්මා කැවිලි හදනවා පිඟාන වහනවා ළමයා ගෙනිහින් දෙනවා,2,1,0,3,14,23.33,Weak
,"උදෙන්ම නැගිටිනවා ඊට පස්සේ මූණ හෝදනවා ඊට පස්සෙ ඇඳගෙන පාසල් යන්න කනවා ඊට පස්සේ පාසල් යනවා 
",0,4,2,6,"ළමයි දෙන්නෙක් මුව පැටියෙක් ගැට ගසා සිටින අයුරු දැක්කා ළමයි දෙන්නා මුව පැටියව බේරගත්තා ළමයි දෙන්නා දැක්කා එයාගේ අම්මා එතනට වී අඩමින් සිටිනවා ඉන්පසු ඒ දෙන්නා සතුටින් ඉන්නවා
",5,3,1,9,"ළමයෙක් උදෑසනම නැගිට්ට දත් මැද අම්මටයි තාත්තටයි එවැන්දල පාසල් යනවා
",3,4,3,10,"සිංහල අලුත් අවුරුද්දට අම්මා කැවුම් සාදා  ඒක ළමයාට දී ළමයා යාළුවාට දී ඊට පස්සේ යාළුවා සතුටින් ඒක කයි
",3,3,2,8,33,55.00,Average
,"ළමයෙක් උදෙන්ම නැගිටලා මූණ සෝදලා බත් කාලා පාසල් යනවා
",1,4,2,7,"
මුව පැටියෙක් මනුස්සයෙක් උගුලකට අහුකරලා ළමයි දෙන්නෙත් මුව පැටියව බේරගෙන මුව පැටියව එයාගේ අම්මට භාරදීලා මුව පැටියයි අම්මයි සතුටින් ගියා
",5,3,2,10,"උදෙන්ම නැගිටලා දත් මැදලා දෙමව්පියන්ට වැඳලා පාසල් යනවා
",2,4,2,8,"අම්මෙකුයි දුවෙකුයි කැවුම් කොකිස් සදලා එහාපැත්තෙ ගෙදරටයි මෙහා පැත්තෙ ගෙදරටයි පැත්තෙ ගෙදරටයි මෙහා පැත්තෙ ගෙදරටයි  දෙනවා
",5,2,1,8,33,55.00,Average
,පිරිමි ළමයා උදේ පාන්දරින්ම අවදි වී මුහුණ සෝදා පාසල් ඇඳුමින්  සැරසිලා ආහාර අරගෙන පොත් බෑග් එක පිටේ එල්ලගෙන වතුර බෝතලයත් අරන් පාසලට පයින් යයි,4,4,4,12,හරිම හොඳ පිරිමි ළමයෙකුයි ගෑනු ළමයෙකුයි හිටියා ඒ දෙන්නා කැලෑවෙ අවිදගෙන යනකොට මුව පැටවෙකු උගුලක අහුවෙලා අඬනවා දැක්කා ඔවුන් උගේ බෙල්ලේ තිබූ කඹය ලිහා දලා ඊට පස්සේ ඒ දෙන්නා දක්කා මුව අම්මා හරිම දුකෙන් ඈත ඉදන් බලාගෙන ඉන්නවා ඊට පස්සේ පැටියව මුව අම්මා ලගට යන්න ඇරියා මුව පැටියයි අම්මයි සතුටින් කැලෑවට යන දිහා බලගෙන හිටියා,9,4,5,18,ලස්සනට ඉර පායලා තිබ්බ උදේක පුංචි පිරිමි ළමයෙක් උදෙන්ම ඇහැරුනා ඊට පස්සෙ පිරිසිදු වතුර වීදුරුවක් බීලා ජනේලෙන් එළියෙ ලස්සන බලාගෙන හිටියා ඊට පස්සේ එයා ළිඳ ළඟට ගිහිල්ල දත කට මැදලා මූණ සෝදගෙන පිරිසිදුවෙලා පාසල් නිළ ඇඳුම් ඇඳගෙන පොත් බෑග් එක ලෑස්ති කරගෙන දෙමව්පියන්ට වැඳලා පොත් බෑග් එක අරගෙන පාර දිගේ පාසලට යන්න ගියා,5,4,5,14,කැවිලි පිඟානක් හදලා ඉවර වෙලා අම්මා පිඟාන කොලේකින් ඔතලා දුවට දෙනවා දුව මුහුණේ සිනාවක් තියාගෙන එයාලගේ හොඳම යාළුවට ඒක දෙන්න යනවා,6,3,3,12,56,93.33,Normal
,"ළමයෙක් පිරිමි ළමයෙක් උදෙන්ම නැගිටලා මූණ සෝදල කෑම කාලා පාසල් යන්න ලෑස්ති වෙලා පාසල් යනවා
",2,4,2,8,"මුව පැටියෙක් උගුලකට අහුවෙලා  තියෙනවා ඒක පුංචි පිරිමි ළමයෙකුයි ගෑණු ළමයෙකුයි දකිනවා ඊට පස්සේ එයාව ලෙහනවා ඊට පස්සේ ඒක ඒ මුව පැටියගෙ අම්මා දකිනවා ඊට පස්සේත් එයාගේ අම්මා ඒ පැටියවත් අරගෙන යනවා
",9,4,4,17,"ළමයෙක් උදෙන්ම ඇහැරිලා වතුර කෝප්පයක් දීලා දත් මැදගන්න යනවා ඊට පස්සේ දත් මැදගෙන ඉවරවෙලා ඔවුහු පාසල් යන්න ලෑස්ති වෙන්න යනවා ඊට පස්සේ අම්මටයි තාත්තටයි වැඳලා පාසල් යනවා
",3,4,4,11,"අම්මා පුංචි ගැහැණු ළමයෙක්ට කෑම එකක් භාරදෙනව අම්මා ඒ කෑම කොලේක ඔතල දෙනවා ඒ පුංචි ගෑණු ළමයා ඒ කෑම ගන්නවා ඒ පුංචි ගෑණු ළමයා ගිහිල්ලා ඒ කෑම එක යාළුවට දෙනවා අය කෑම එක ගන්නවා 
",5,3,2,10,46,76.67,Normal
,පුතා නැගිටලා ඇඟ හෝදගන්නවා කෑම කනවා යන්නවා,1,2,0,3,ළමයි පොඩි මුවාට උදව් කරනවා මුවෝ සතුටින් යනවා,3,2,0,5,එයා නැගිටිනවා අම්මාට වදිනවා බායි කියනවා,1,2,0,3,දුව බලන් ඉන්නවා අම්මා හදනවා අම්මා පිඟාන දෙනවා දුවට,3,1,0,4,15,25.00,Weak
,ළමයා නැගිටිනවා එයා ගිහින් ඇඟ හෝදගන්නවා ඊට පස්සේ බත් කනවා ඉස්කෝලෙ යන්න,1,3,1,5,පැටියෙක් මුවෙක් ලණුව අල්ලනවා ළමයා උදව් කරනවා හිනා වෙනවා මුවෝ යනවා,2,1,0,3,ළමයා ඇහැරුනා බුරුසුව අරන් දත් මදිනවා පාසලට ඇවිදිනවා,1,3,0,4,අම්මා කැවිලි උයනවා දුව දුන්නා,3,0,0,3,15,25.00,Weak
,ඉර පායලා ළමයා නැගිටිනවා මූණ හෝදගන්නවා කනවා යනවා,1,3,0,4,ළමයි මුවන්ට උදව් කරනවා අම්මා මුවා එනවා,2,1,0,3,උදේ වෙලා ළමයා බුරුසුව අරන් ම් දත් මදිනවා එයා යනවා,1,1,0,2,අම්මා කැවිලි දෙනවා දුව සතුටින් අරන් යනවා,3,2,0,5,14,23.33,Weak
,"ළමයෙක් උදෑසනම අවදි වී මූණ කට සෝදා උදෑසන ආහාරය ගැන පාසල් පාසල වෙත පිය නගති
 ",1,4,2,7,"ළමයි දෙන්නෙක් මුව පැටියෙක් ගැට ගසා සිටින අයුරු දැක්කා ළමයි දෙන්නා මුව පැටියව බේරගත්තා ළමයි දෙන්නා දැක්කා එයාගේ අම්මා එතනට වී අඩමින් සිටිනවා ඉන්පසු ඒ දෙන්නා සතුටින් ඉන්නවා
",5,3,1,9,"ළමයෙක් උදෑසනම අවදි වී මූණ කට සෝදා අම්මට වැඳ පාසල වෙත යයි
",2,4,3,9,"කෑම පිඟානකට කෑම තියෙනවා ඊට පස්සේ ඒක ළමයට දෙනවා ඊට පස්සේ ළමයා ගිහිල්ලා පොඩි නංගි කෙනෙක්ට දෙනවා ඒක
",5,4,4,13,38,63.33,Average
,පිරිමි ළමයා උදේට නැගිටලා මූණ හෝදගෙන ඉස්කෝලෙ යන්න ලෑස්ති වෙලා කෑම කාලා පොත් බෑග් එකත් වතුර බෝතලෙත් අරන් ඉස්කෝලෙ යනවා,4,4,4,12,දවසක් පිරිමි ළමයෙකුයි ගෑනු ළමයෙකුයි කැලේ ඇවිදගෙන යනකොට පුංචි මුව පැටියෙක් උගුලකට අහුවෙලා කරදරයක වැටිලා අඬ අඬ ඉන්නවා දැක්කා ඊට පස්සේ දෙන්නම එකතු වෙලා පරිස්සමින්  කඹය ලිහලා මුව පැටියව බේරගත්තා  මුව අම්මා හරිම දුකෙන් ඈත ඉදන් බලාගෙන ඉන්නවා දකපු ලමයි දෙන්නා ඉක්මනින්ම මුව පැටයව මුව අම්මාට බාර දීලා මුව පැටියයි අම්මයි සතුටින් කැලෑවට යන දිහා බලගෙන හිටියා,9,4,4,17,එක් ලස්සන ගමක පුංචි පිරිමි ළමයෙක් ජීවත් වුණා එයා පාසල් යන්න හරිම ආසයි  ඉතින් ඒ නිසා එයා උදෙන්ම අවදි වෙනවා ඊට පස්සේ දත් මැදලා මූණ සෝදගෙන පාසල් නිල ඇඳුම් ඇඳගෙන පොත් බෑග් එකක් ලෑස්ති කරගෙන අම්මටයි තාත්තටයි වැන්දලා පාසල් යනවා,5,4,5,14,අවුරුදු දා පුංචි ගෑණු ළමයෙක්ට අම්මා කියනව කැවිලි ටිකක් අල්ලපු ගෙදරට ගිහින් දෙන්න කියලා අම්මා කැවිලි පිගාන ලස්සනට හඩල කොලෙකින් ඔතලා ගෑණු ළමයට දුන්නා පස්සේ ඒ පුංචි ගැහැණු ළමයා ඒක එහා ගෙදර ඉන්න ගෑණු ළමයට ගිහිල්ලා සතුටින් දෙනවා,6,3,4,13,56,93.33,Normal
,"පුංචි ළමයෙක් උදේම නැගිටලා උදේම නැගිටිනවා එයා එපාසල් යාම සඳහා මූණකට සෝදනවා පාසල් ඇඳුම ඇඳගෙන කෑම කනවා පොත්බෑගෙ සහ බෝතලේ අරගෙන පාසල් යනවා
",3,4,4,11,"මුව පැටියෙක් උගුලකට අහුවෙලා ඉන්නවා ඊට පස්සේ ළමයි දෙදෙනෙක් ඇවිත් යාව බේරගත්තා ඊට පස්සේ මුව පැටියාගේ අම්මා බලාගෙන ඉන්නවා ඊට පස්සේ මුව පැටියේා අම්මා සමග කැලෑවට යනවා 
 ",6,4,3,13,"පුංචි ළමයෙක් උදෑසනම නැගිටිනවා පිරිසිදු වතුර වීදුරුවක් බොනවා පුංචි ළමයා දත් ටික මැද මූණ් සෝදනවා අම්මට වඳිනවා ඉස්කෝලෙ ඇඳුමත් ඇඳගෙන බෑග් එකත් කරේ එල්ලගෙන පාසල් යනවා
",3,4,4,11,"අම්මා පුංචි ගෑනු ළමයෙක්ට කෑම පීරිසියක් දෙනවා අම්මා ඒ කෑම පිරිසිය කොලයකින් ඔතලා පුංචි ගෑණු ළමයට දෙනවා පුංචි ගෑනු ළමයා ඒ කෑම එක යහළුවෙක්ට දෙනවා ඒ යහළුවා කෑම එක ගන්නවා 
",5,2,3,10,45,75.00,Normal
,උදෑසන උදා වූ විට පිරිමි ළමයා අවදි වී මුහුණ සෝදා නිල ඇඳුමින්  සැරසිලා උදෑසන ආහාරය ගෙන පොත් බෑග් එක පිටේ එල්ලගෙන වතුර බෝතලයත් අරන් පාසලට යයි,4,4,4,12,හරිම හොඳ පිරිමි ළමයෙකුයි ගෑනු ළමයෙකුයි හිටියා දවසක් මේ දෙන්නා කැලේ ඇවිදින්න යනකොට දක්කා පුංචි මුව පැටියෙක් උගුලකට අහුවෙලා ඉන්නවා ඊට පස්සේ දෙන්නම එකතු වෙලා පරිස්සමින්  කඹය ලිහලා මුව පැටියව බේරගත්තා  මුව අම්මා හරිම දුකෙන් ඈත ඉදන් බලාගෙන ඉන්නවා දකපු ලමයි දෙන්නා ඉක්මනින්ම මුව පැටයව මුව අම්මාට බාර දීලා මුව පැටියයි අම්මයි සතුටින් කැලෑවට යන දිහා බලගෙන හිටියා,9,4,5,18,පුංචි පිරිමි ළමයෙක් උදේ පාන්දරින්ම අවදි වී දත් මැදලා සූදානම් වී දෙමාපියන්ට නමස්කාර කර පොත් බෑග් එක අරගෙන පාසලට යයි.,5,4,4,13,අවුරුදු දා පුංචි ගෑණු ළමයෙක්ට අම්මා කියනව කැවිලි ටිකක් අල්ලපු ගෙදරට ගිහින් දෙන්න කියලා පස්සේ ඒ පුංචි ගැහැණු ළමයා ඒක එහා ගෙදර ඉන්න ගෑණු ළමයට ගිහිල්ලා සතුටින් දෙනවා,6,3,3,12,55,91.67,Normal
,ළමයා නැගිට්ටා මූණ හෝදගන්නවා කනවා ඉස්කෝලෙ යනවා,1,4,0,5,මුවා උගුල ළමයා උදව් කරනවා ළමයා බලාගෙන ඉන්නවා මුවා දුවනවා,3,1,0,4,නැගිටිනවා මූණ හෝදගන්නවා ඉස්කෝලෙ යනවා,0,3,0,3,අම්මා කෑම හදනවා දුව උස්සගෙන යනවා,3,0,0,3,15,25.00,Weak
,"උදෙන්ම නැගිටිනවා ඊට පස්සේ මූණ හෝදනවා ඊට පස්සෙ ඇඳගෙන පාසල් යන්න කනවා ඊට පස්සේ පාසල් යනවා 
",0,4,2,6,"මුව පැටියා එකටම පැටලෙනවා ඊට පස්සේ ළමයි දෙන්නා බේරගන්නවා ඊට පස්සේ අම්මා දකිනවා ඊට පස්සේ ඒ දෙන්න යනවා
",4,3,2,9,"ළමයෙක් උදෑසනම නැගිට්ට දත් මැද අම්මටයි තාත්තටයි එවැන්දල පාසල් යනවා
",3,4,3,10,"සිංහල අලුත් අවුරුද්දට අම්මා කැවුම් සාදා  ඒක ළමයාට දී ළමයා යාළුවාට දී ඊට පස්සේ යාළුවා සතුටින් ඒක කයි
",3,3,2,8,33,55.00,Average
,"ළමයෙක් උදේම නැගිටිනවා ඒ පුංචි ළමයා මූණ සෝදනවා ඉස්කෝලේ ඇඳුමක් ඇඳගෙන ළමයා බත් කනවා ළමයා ඉස්කෝලෙ ඇඳුමක් ඇඳගෙන බෑග් එකත් කරේ එල්ලගෙන වතුර බෝතලයකුත් අතේ තියාගෙන පාසල් යනවා
",3,4,4,11,"පුංචි පිරිමි ළමයෙකුයි ගැහැණු ළමයෙකුයි මුව පැටියෙක් උගුලට අහුවෙලා ඉන්නවා දැක්කා පුංචි පිරිමි ළමයයි ගැහැණු ළමයයි මුවාගේ උගුල ගැලෙව්වා පුංචි පිරිමි ළමයයි ගෑනු ළමයයි මුවා අම්මා ඒ පැටිය දිහා බ දුකින් බලාගෙන හිටියා පිරිමි ළමයයි ගෑනු ළමයයි ඒ මුව පැටියව අම්මට බාර දුන්නා
",9,4,4,17,"ළමයෙක් උදෙන්ම ඇහැරිලා වතුර කෝප්පයක් දීලා දත් මැදගන්න යනවා ඊට පස්සේ දත් මැදගෙන ඉවරවෙලා ඔවුහු පාසල් යන්න ලෑස්ති වෙන්න යනවා ඊට පස්සේ අම්මටයි තාත්තටයි වැඳලා පාසල් යනවා
",3,4,4,11,"අම්මා  අවුරුද්දට අනිත් ගෙවල්වලට අනිත් එයාගේ යාළුවන්ට බෙදීම  සඳහා බෙදන්න කෑම දෙනවා ඒ ළමයා ඒවා අරගෙන අනිත් යාලුවගෙ ගෙදරට යනවා ඒ ළමයත් සතුටන් ඒ ආහාර ගන්නවා
",4,2,2,8,47,78.33,Normal
,පිරිමි ළමයා උදෑසන අවදි වී මුහුණ සෝදාගෙන පාසල් යාමට සූදානම් වුණා උදෑසන ආහාරය ගැනීමෙන් පසු ඔහු පොත් බෑගයද වතුර බෝතලයද රැගෙන පාසලට යයි,4,4,4,12,එක ගමක හරිම කරුණවන්ත පිරිමි ළමයෙකුයි ගෑනු ළමයෙකුයි හිටියා දවසක් මේ දෙන්නා  කැලෑවට ඇවිදින්න යනකොට දක්කා පුංචි මුව පැටියෙක් උගුලකට අහුවෙලා ඉන්නවා ඊට පස්සේ දෙන්නම එකතු වෙලා පරිස්සමින් උගුල ලිහලා මුව පැටියව බේරගත්තා  මුව අම්මා හරිම දුකෙන් ඈත ඉදන් බලාගෙන ඉන්නවා දකපු ලමයි දෙන්නා ඉක්මනින්ම මුව පැටයව මුව අම්මාට බාර දීලා මුව පැටියයි අම්මයි සතුටින් කැලෑවට යන දිහා බලගෙන හිටියා,9,4,5,18,පුංචි පිරිමි ළමයා උදේ පාන්දරින්ම නැඟිටලා දත් මැදලා මූණ හෝදගෙන පිරිසිදු වෙලා පාසල් නිළ ඇඳුම ඇඳගෙන දෙමාපියන්ට වැඳලා පොත් බෑග් එක පිටේ එල්ලගෙන සතුටින් වටපිටාවෙ ලස්සන බල බල පාසලට යන්න පිටත්  වුණා,5,4,4,13,අම්මා කැවිලි හදලා ඉවර වෙලා කැවිලි පිඟානකට දාලා පිඟාන කොලේකින් ඔතලා දුවට දෙනවා දුව ඒක දුව සතුටින් අරගෙන අසල්වැසි ගෑණු ළමයට දෙන්න යනවා,6,3,3,12,55,91.67,Normal
,"පුංචි ළමයෙක් මූණ සෝදනවා පුංචි ළමයෙක් උදේම නැගිටිනවා පුංචි ළමයෙක් මූණ සෝදනවා ඉස්කෝලේ යන්න සැරසිලා ඉස්කෝලේ යන්න සැරසිලා කෑම කනවා ඉස්කෝලෙ ඇඳුම ඇඳගෙන බෑග් එකතක් කරේ එල්ලගෙන වතුර බෝතලේ අරන් පාසල් යනවා
",3,4,4,11,"මුව පැටියෙක් උගුලකට අහුවෙලා ඉන්නවා ඊට පස්සේ ළමයි දෙදෙනෙක් ඇවිත් යාව බේරගත්තා ඊට පස්සේ මුව පැටියාගේ අම්මා බලාගෙන ඉන්නවා ඊට පස්සේ මුව පැටියේා අම්මා සමග කැලෑවට යනවා 
 ",6,4,3,13,"ළමයෙක් උදේම නැගිටි උදේම නැගිටිනවා පාසල් යෑම සඳහා ඊට පස්සේ දත් මැදලා මූන කට හෝදගන්නව ඊට පස්සේ දෙමව්පියන්ට වැඳලා සතුටින් පාසල් යනවා 
",3,4,4,11,"අවුරුදු කාලෙ ආව නිසා එයාගේ අම්මා එහා ගෙදරට දෙන්න කියලා රස කැවිලි කිහිපයක් දෙනවා ළමයයි ඊට පස්සේ ඒක එහා ගෙදර ගෙනාට ගිහින් දෙනවා
",4,3,3,10,45,75.00,Normal
,පිරිමි ළමයා අවදි වී මුහුණ සෝදා පාසල් යාමට සූදානම් වී උදෑසන ආහාරය ගෙන පොත් බෑග් එක පිටේ එල්ලාගෙන වතුර බෝතලයත් අතින් අරගෙන සතුටින් පාසලට යයි,4,4,4,12,උගුලක හිරවෙලා ඉන්න කුඩා මුවෙකු අඬ අඬ ඉන්නවා එක පිරිමි ළමයෙකු‍යි ගැහැණු ළමයෙකුයි දැක්කා ඔවුන් පරිස්සමින්  ඒක ලිහලා මුවාව බේරගත්තා  මුව අම්මා හරිම දුකෙන් ඈත ඉදන් බලාගෙන ඉන්නවා දකපු ලමයි දෙන්නා ඉක්මනින්ම මුව පැටයව මුව අම්මාට බාර දීලා මුව පැටියයි අම්මයි සතුටින් කැලෑවට යන දිහා බලගෙන හිටියා,9,4,4,17,ලස්සනට ඉර පායලා තිබ්බ උදෑසනක පුංචි පිරිමි ළමයෙක් උදෙන්ම අවදි වෙලා පිරිසිදු වතුර වීදුරුවක්  බීලා ජනේලෙන් අවට ලස්සන බලාගෙන හිටියා ඊට පස්සේ එයා ළිඳ ළඟට ගිහිල්ල දත් බුරුසුව අරගෙන මූණ සෝදගෙන පිරිසුදු වෙලා පාසල් නිල ඇඳුම් ඇඳගෙන පොත් බෑග් එකක් ලෑස්ති කරගෙන අම්මටයි තාත්තටයි වැඳලා පොත් බෑග් අරගෙන පාර දිගේ තියෙන ලස්සන බල බල පාසලට යන්න ගියා,5,4,5,14,එක දවසක් අම්මා කෙනෙක් කැවිලි පිඟානක් හදහද ඉන්න ගමන් එයාගේ දුවට කියනවා මේ කැවිලි පිඟානේ ගිහිල්ලා එහා ගෙදර  නන්දලාට දෙන්න කියලා ඊට පස්සේ ඒ ගෑණු ළමයා ඒක අරගෙන නන්දලාගේ ගෙදර යනකොට නන්දගෙ දුව දුවගෙන ඉස්සරහට ආවා නංගිට කැවිලි පිගනා දීලා දෙන්නම සතුටු උනා,6,4,5,15,58,96.67,Normal
,උදේ ළමයා නැගිටිනවා මූණ හෝදනවා බත් කනවා ඉස්කෝලෙ යනවා,1,4,1,6,ලණුවේ ඉන්නවා මුවෙක් ළමයි දෙන්නෙක් එනවා කඹය කපලා මුව නිදහස් කරනවා,3,1,0,4,ළමයා ඉඳගෙන ඉන්නවා දත් මදිනවා යනවා,1,1,0,2,අම්මා කැවිලි පැක් කරනවා පිඟාන දෙනවා අරන් යනවා,2,0,0,2,14,23.33,Weak
,ළමයා නැගිටිනවා මූණ කට හෝදනවා කනවා ඉස්කෝලෙ යන්න,1,3,1,5,පොඩි මුවෙක් අඬනවා ළමයි උදව් කරනවා මුවෙක් ලොකු මුවෙක් එක්ක යනවා,3,1,0,4,එයා ඇහැරෙනවා අම්මා ඉන්නවා ම්ම්,1,1,0,2,දුව රසකැවිලි ගන්නවා ගෙදර යනවා,2,0,0,2,13,21.67,Weak
,පුතා නැගිටිනවා හෝදනවා බත් කනවා බෑග් එකත් අරන් යනවා,2,3,0,5,මුවා හිරවෙලා ළමයා කඹය කපලා මුව යනවා,2,0,0,2,ළමයා නැගිටිනවා බෑග් එක ගන්නවා ඉස්කෝලේ යනවා,2,2,0,4,අම්මා පිඟාන දෙනවා දුව හිනා වෙනවා යනවා,3,0,0,3,14,23.33,Weak
,"ළමයා උදෙන්ම නැගිටලා මූන හෝදලා  කෑම අරගෙන ඉස්කෝලෙ යනවා
",1,4,2,7,"ගසක මුවෙක් ගැට ගහලා තිබ්බා ළමයි දෙන්නෙක් ඇවිල්ලා ලණුව ලෙහලා දැම්මා මුව අම්මා හොන්දටම අදනවා ළමයි දෙන්නා මුව පැටියා ගෙනිහින් දුන්නා
",6,3,2,11,"ළමයෙක් උදෑසනම නැගිට්ට දත් මැද අම්මටයි තාත්තටයි එවැන්දල පාසල් යනවා
",3,4,3,10,"අම්මා ළමයාට කැවිලි පිඟානක් දී ළමයා ඒ කැවිලි පිඟාන ගෙන යාළුවාගේ ගෙදරට ගොස් යහළුවාට දෙයි  
",4,3,2,9,37,61.67,Average
,"උදෙන්ම නැගිටිනවා ඊට පස්සේ මූණ හෝදනවා ඊට පස්සෙ ඇඳගෙන පාසල් යන්න කනවා ඊට පස්සේ පාසල් යනවා 
",0,4,2,6,"මුව පැටියා එකටම පැටලෙනවා ඊට පස්සේ ළමයි දෙන්නා බේරගන්නවා ඊට පස්සේ අම්මා දකිනවා ඊට පස්සේ ඒ දෙන්න යනවා
",4,3,2,9,"ළමයෙක් උදෑසනම අවදි වී මූණ කට සෝදා අම්මට වැඳ පාසල වෙත යයි
",2,4,3,9,"සිංහල අලුත් අවුරුද්දට අම්මා කැවුම් සාදා  ඒක ළමයාට දී ළමයා යාළුවාට දී ඊට පස්සේ යාළුවා සතුටින් ඒක කයි
",3,3,2,8,32,53.33,Average
,"ළමයා උදේම නැගිටිනවා ළමයා මූණ සෝදනවා ළමයා බත් කනවා ළමයා ඉස්කෝලේ යනවා
",1,4,2,7,"ළමයි දෙන්නෙක් මුව පැටියෙක් ගැට ගසා සිටින අයුරු දැක්කා ළමයි දෙන්නා මුව පැටියව බේරගත්තා ළමයි දෙන්නා දැක්කා එයාගේ අම්මා එතනට වී අඩමින් සිටිනවා ඉන්පසු ඒ දෙන්නා සතුටින් ඉන්නවා
",5,3,1,9,"ළමයෙක් උදෑසනම අවදි වී මූණ කට සෝදා අම්මට වැඳ පාසල වෙත යයි
",2,4,3,9,"කෑම පිඟානකට කෑම තියෙනවා ඊට පස්සේ ඒක ළමයට දෙනවා ඊට පස්සේ ළමයා ගිහිල්ලා පොඩි නංගි කෙනෙක්ට දෙනවා ඒක
",5,4,4,13,38,63.33,Average
,"ළමයෙක් පිරිමි ළමයෙක් උදෙන්ම නැගිටලා මූණ සෝදල කෑම කාලා පාසල් යන්න ලෑස්ති වෙලා පාසල් යනවා
",2,4,2,8,මුව පැටියෙක් උගුලකට  අහුවෙලා ඉන්නවා පිරිමි ළමයෙකුයි ගෑනු ළමයෙකුයි මුව පැටියව බේරගන්නවා ඒක දැකලා මුවපැටියා එක්ක කැලේටම,7,2,2,11,උදේ පාන්දරම පිරිමි  ළමයෙක් නැගිටලා වතුර එකක් බීලා දම්මදින්න යනවා දවසේ අම්මටයි තාත්තටයි වැදලා එයා සතුටින් පාසල් යනවා,4,4,3,11,අම්මා කෙනෙකුයි දුවෙකුයි සිංහල අවුරුදු අවුරුද්දට නෑදෑයන්ට කෑම බැදලා ඒ අම්මා දුවට ගිහින් දෙන්න කියලාා උඩ ගෙදරට පස්සෙ එයා ගිහින් දෙනවා ඇසූ දා ගෙදර ඉන්න ළමයා ළමයා ඒ කෑම එක සතුටින් ගන්නවා ,6,4,4,14,44,73.33,Normal
,උදේට පිරිමි ළමයා ඇහැරිලා ඇඳෙන් නැගිටලා මූණ හෝදලා ඉස්කෝලෙ යන්න ලෑස්ති වෙලා බත් කාලා පොත් බෑග් එක පිටේ එල්ලාගෙන වතුර බෝතලයත් අතේ අරගෙන ඉස්කෝලෙ යනවා ,4,4,4,12,උගුලක හිරවෙලා ඉන්න කුඩා මුවෙකු අඬ අඬ ඉන්නවා එක පිරිමි ළමයෙකු‍යි ගැහැණු ළමයෙකුයි දැක්කා ඔවුන් පරිස්සමින්  ඒක ලිහලා මුවාව බේරගත්තා  මුව අම්මා හරිම දුකෙන් ඈත ඉදන් බලාගෙන ඉන්නවා දකපු ලමයි දෙන්නා ඉක්මනින්ම මුව පැටයව මුව අම්මා ලගට යන්න දුන්නා මුව පැටියටෛ අම්මටයි දෙන්නටම සතුටු හිතුනා මුව පැටියයි අම්මයි සතුටින් කැලෑවට යන දිහා බලගෙන හිටියා,9,4,4,17,පිරිමි ළමයා උදේ පාන්දරින්ම අවදි වෙලා දත් මැදලා පාසල් නිල ඇඳුම් ඇඳගෙන දෙමව්පියන්ට වැඳලා පොත් බෑග් එක පිටේ එල්ලගෙන සතුටින් පාසලට යනවා,5,4,4,13,අම්මා රසවත් අවුරුදු කැවිලි පිඟානක් හදනවා පස්සේ දුවට කියනවා මේක යාළුවට ගිහින් දෙන්න කියලා ඒ දුව සතුටින් කැවිලි පිඟාන අරගෙන යාළුවගේ ගෙදර ගිහිල්ලා දෙනවා යාළුවත් සතුටින් බරගන්නවා,6,3,3,12,54,90.00,Normal
,"ළමයෙක් උදේම නැගිටිනවා ඒ පුංචි ළමයා මූණ සෝදනවා ඉස්කෝලේ ඇඳුමක් ඇඳගෙන ළමයා බත් කනවා ළමයා ඉස්කෝලෙ ඇඳුමක් ඇඳගෙන බෑග් එකත් කරේ එල්ලගෙන වතුර බෝතලයකුත් අතේ තියාගෙන පාසල් යනවා
",3,4,4,11,එක දවසක් පිරිමි ළමයෙකුයි ගෑනු ළමයෙකුයි කැලේ යනකොට මුවෙක් උගුලකට අහුවෙලා හිටියා දැක්කා ඊට පස්සේ දෙන්නා එකතුවෙලා ලනු කැබලි කපලා අගුලෙන් බේරගන්නවා ඊට පස්සේ මුවා අම්මා දුකින් බලාගෙන ඉන්නකොට පිරිමි ළමයයි ගෑණු ළමයයි මුව පැටියව මුව අම්මට භාර දීලා මුව පැටියයි මුවා අම්මා කැලේට සතුටින් යනවා,8,4,5,17,පිරිමි ළමයෙක් උදෙන්ම අවදි වෙනවා දත් මදිනවා අම්මාටයි තාත්තයි වැඳ පොත් බෑග් එක අතින් අරන් පාසල් යනවා,5,4,4,13,අම්මායි දුවයි කෑම පිඟානක් සාදනවා අම්මා එක්ක දුවට දෙනව එයා දුව එයාගේ යාළුවාට දෙනා යාළුවා ස්තුතියි කියලා කෑම පිඟාන  අරන් යනවා  ,6,2,3,11,52,86.67,Normal
,පිරිමි ළමයා හිරු එළිය දකින විට අවදි වී මුහුණ සෝදා  පාසල් ඇඳුමින්  සැරසිලා උදෑසන ආහාරය ගෙන පොත් බෑගයද වතුර බෝතලයද ගෙන පාසලට යයි,4,4,4,12,එක ගමක හරිම කරුණාවන්ත පිරිමි ළමයෙකුයි ගෑනු ළමයෙකුයි හිටියා එ දෙන්නා දවසක් කැලේ ඇවිදින්න යනකොට දක්කා පුංචි මුව පැටියෙක් උගුලකට අහුවෙලා ඉන්නවා ඊට පස්සේ දෙන්නම එකතු වෙලා පරිස්සමින්  කඹය ලිහලා මුව පැටියව බේරගත්තා  මුව අම්මා හරිම දුකෙන් ඈත ඉදන් බලාගෙන ඉන්නවා දකපු ලමයි දෙන්නා ඉක්මනින්ම මුව පැටයව මුව අම්මා ළඟට යන්න ඇරියා  මුව පැටිය අම්මා ලගට වේගෙන් දුවලා ගියා අම්මයි පැටයයි සතුටින් කැලෑවට යන දිහා එයාලා බලගෙන හිටියා,9,4,5,18,එක පුංචි ගමක පුංචි පිරිමි ළමයෙක් ජීවත් වුණා මෙයා ඉස්කෝලෙ යන්න හරිම ආසයි ඉතින් මෙයා හැමදාම උදේම නැගිටලා දත් මැදල මුන හෝදගෙන ආසාවෙන් ඉස්කෝලෙ යන්න ඇඳුම් ඇඳගෙන අම්මටයි තාත්තටයි වැඳලා පොත් බෑග් එකක් පිටේ එල්ලගෙන අවට ගස් වල ලස්සන බල බල පාසල් යනවා,5,4,5,14,අම්මා කැවිලි වලින් පිරුණු පිඟානක් හදනවා ඒක දුව අරගෙන අසල්වැසි ගෙදරට යනවා යාළුවා මුහුණේ සිනා වෙලා සතුටින් ඒක බාරගන්නවා,6,2,3,11,55,91.67,Normal
,"උදේම නැගිටලා  පිරිමි ළමයෙක් මූන කට  සෝදලා කෑම කාලා පොත්බෑගයක් අරන් ඉස්කෝලය වතුර බෝතලයකු තරම් ඉස්කෝලෙ යන්න  පටන් ගත්තා
",4,4,2,10,"මුව පැටියෙක් උගුලකට අහුවෙලා ඉන්නවා ඊට පස්සේ ළමයි දෙදෙනෙක් ඇවිත් යාව බේරගත්තා ඊට පස්සේ මුව පැටියාගේ අම්මා බලාගෙන ඉන්නවා ඊට පස්සේ මුව පැටියේා අම්මා සමග කැලෑවට යනවා 
 ",6,4,3,13,"ළමයෙක් උදෙන්ම නැගිටිනවා ළමයා දත් ටික මැදලා දත් ටික මදිනවා ළමයා අම්මට වඳිනවා ඉස්කෝලේ ඇඳුම් ඇඳගෙන බෑග් එකක් කරේ දාගෙන පාසල් යනවා  
",3,4,4,11,අවුරුද්දට කැවිලි අම්මා සාදලා  දුව කිව්වා එහා ගෙදර නංගිටත් ගිහින් දෙන්න ඕන කියල පස්සෙ අම්මා එයාට කැවුණුයි කොකිසුයි කෙසෙල් කෙසෙලුයි දාලා දුන්නා ගිහින් දෙන්න කියලා ඊට පස්සේ එයා ඒක එහා ගෙදර නංගිට ගිහින් දුන්න,6,4,5,15,49,81.67,Normal
,"ළමයෙක් උදෑසනම නැගිටලා මූණ සෝදලා ආහාර  ආහාර අරගෙන පාසල් යයි
",1,4,3,8,"ගසක මුවෙක් ගැට ගහලා තිබ්බා ළමයි දෙන්නෙක් ඇවිල්ලා ලණුව ලෙහලා දැම්මා මුව අම්මා හොන්දටම අදනවා ළමයි දෙන්නා මුව පැටියා ගෙනිහින් දුන්නා
",6,3,2,11,"උදෙන්ම නැගිටලා දත් මැදලා දෙමව්පියන්ට වැඳලා පාසල් යනවා
",2,4,2,8,"අවුරුද්දට කෑම හදලා අම්මා එහා ගෙදර යාලුවන්ඩත් දෙන්න කියලා එයාගේ ළමයාට කියනවා ළමයා ළමයා ගිහිල්ලා එහා ගෙදර ළමයා සමග බෙදා ගත්තා
",3,2,2,7,34,56.67,Average
,"ළමයෙක් උදෙන්ම නැගිටලා මූණ සෝදලා බත් කාලා පාසල් යනවා
",1,4,2,7,"මුව පැටියා එකටම පැටලෙනවා ඊට පස්සේ ළමයි දෙන්නා බේරගන්නවා ඊට පස්සේ අම්මා දකිනවා ඊට පස්සේ ඒ දෙන්න යනවා
",4,3,2,9,"ළමයෙක් උදෙන්ම නැගිටලා  දත් මැදලා අම්මාටත් තාත්තාටත් වැදලා පාසල් යනවා
",3,4,3,10,"කෑම පිඟානකට කෑම තියෙනවා ඊට පස්සේ ඒක ළමයට දෙනවා ඊට පස්සේ ළමයා ගිහිල්ලා පොඩි නංගි කෙනෙක්ට දෙනවා ඒක
",5,4,4,13,39,65.00,Average
,පිරිමි ළමයා උදේ අවදි වී මුහුණ සෝදා නිල ඇඳුමින්  සැරසිලා ආහාර අනුභව කර සිනහවකින් පොත් බෑගයද වතුර බෝතලයද ගෙන පාසලට යයි,4,4,4,12,එක ගමක හරිම කරුණාවන්ත පිරිමි ළමයෙකුයි ගෑනු ළමයෙකුයි ජීවත් උනා එ දෙන්නා දවසක් කැලේ ඇවිදින්න යනකොට දක්කා පුංචි මුව පැටියෙක් උගුලකට අහුවෙලා ඉන්නවා ඊට පස්සේ දෙන්නම එකතු වෙලා පරිස්සමින්  උගුල ලිහලා මුව පැටියට බේරෙන්න උදව් කලා  මුව අම්මා හරිම දුකෙන් ඈත ඉදන් බලාගෙන ඉන්නවා දකපු ලමයි දෙන්නා ඉක්මනින්ම මුව පැටයව මුව අම්මා ළඟට යන්න ඇරියා  මුව පැටිය අම්මා ලගට වේගෙන් දුවලා ගියා අම්මයි පැටයයි සතුටින් කැලෑවට යන දිහා එයාලා බලගෙන හිටියා,9,4,5,18,එක උදෑසනක ලස්සනට ඉර පායලා තිබ්බා පුංචි පිරිමි ළමයෙක් මේ උදෙන්ම නැගිටලා ජනේලෙන් ඉර පායලා තියෙන හැටි බලාගෙන හිටියා එයා මුලින්ම පිරිසිදු වතුර වීදුරුවක් බීලා ලිඳ ළඟට ගිහිල්ලා දත් බුරුසුව අරගෙන දත් මැදලා මූන සෝදගෙන පිරිසිදු වෙලා පාසල් යන්න ඇඳුම් ඇඳගෙන අම්මටයි තාත්තටයි වැඳලා පොත් පොත් බෑග් එකක් පිටේ එල්ලගෙන ඒගොල්ලන්ට අත වනාගෙන පරෙ ලස්සන බල බල පාසලට යන්න පිටත් වුනා,5,4,5,14,අම්මා දුවට කියනවා මේ කැවිලි පිඟාන අසල්වැසි ගෙදරට ගිහින් දෙන්න කියලා දුව ඒක අරගෙන ඉක්මනට ගිහිල්ලා අසල්වැසි ගෑණු ළමයට දෙනවා එ ළමයා සතුටින් ස්තුති කරලා ගන්නවා,6,2,3,11,55,91.67,Normal
,ළමයා නැගිටිනවා එයා හෝදනවා එයා කනවා එයා යනවා,1,3,0,4,ළමයි මුවාව දකිනවා ඒකට උදව් කරනවා මුව නිදහස් කරනවා,2,3,0,5,උදේ වෙනවා එයා දත් මදිනවා යනවා,0,1,0,1,අම්මා කැවිලි හදලා දුව ඒක ගන්නවා අරගෙන යනවා,4,0,0,4,14,23.33,Weak
,ඇහැරුනා මූණ හෝදගෙන බත් කාලා ඉස්කෝලේ යනවා,0,4,0,4,මුවා උගුල ළමයි උදව් කරනවා මුවා සතුටින්,3,1,0,4,නැගිටිනවා අම්මාට වදිනවා ඉස්කෝලේ යනවා,1,3,0,4,අම්මා පිඟානක් දෙනවා දුව අරන් යනවා මේ ම්ම් යාළුවාට,4,0,0,4,16,26.67,Weak
,"ළමයෙකුයි ළමයෙක් උදෙන්ම නැගිටලා සෝදන්න ගියා මූණ සෝදලා ඉවර වුණාට පස්සේ ළමයා කෑම කාලා ඉස්කෝලේ යන්න පිටත් වුනා
",1,4,1,6,"හරකෙක් ලණුව කඩාගෙන ගොස් දුවගෙන යනව ළමයි දෙන්නෙක් අල්ලගෙන ඉන්නවා පැටියව ළමයෙක් අල්ලගෙන දෙන්න සතුටින් ඉන්නවා 
 ",0,0,0,0,"දරුවෝ ළමයෙක් හිරු පාය තෙක් නැගිට දත් මැද මූනකට සෝදා අම්මට වැඳ පාසල් යනවා
",2,4,3,9,"කෑම කන්න කෑම එකක් බෙදා එක්කෙනෙක්ට ගිහින් දෙන්න යනවා
",1,2,1,4,19,31.67,Weak
,"ළමයෙකුයි ළමයෙක් උදෙන්ම නැගිටලා සෝදන්න ගියා මූණ සෝදලා ඉවර වුණාට පස්සේ ළමයා කෑම කාලා ඉස්කෝලේ යන්න පිටත් වුනා
",1,4,1,6,"මුවෙකුයි ළමයි දෙන්නෙකුයි ඉන්නවා ඒ ළමයි දෙන්නා මුව පැටියෙක් අල්ලගන්නවා මුව අම්මා බලන් ඉන්නවා අඬ අඬ ළමයි දෙන්නා මුවා අම්මා අල්ලගන්නකං ඊට පස්සේ ලෙහලා ළමයි දෙන්නා මුව අම්ම එක්ක අරිනවා 
",2,2,0,4,"දරුවෝ ළමයෙක් හිරු පාය තෙක් නැගිට දත් මැද මූනකට සෝදා අම්මට වැඳ පාසල් යනවා
",2,4,3,9,"කෑම කන්න කෑම එකක් බෙදා එක්කෙනෙක්ට ගිහින් දෙන්න යනවා
",1,2,1,4,23,38.33,Weak
,"ළමයෙකුයි ළමයෙක් උදෙන්ම නැගිටලා සෝදන්න ගියා මූණ සෝදලා ඉවර වුණාට පස්සේ ළමයා කෑම කාලා ඉස්කෝලේ යන්න පිටත් වුනා
",1,4,1,6,"මුවෙකුයි ළමයි දෙන්නෙකුයි ඉන්නවා ඒ ළමයි දෙන්නා මුව පැටියෙක් අල්ලගන්නවා මුව අම්මා බලන් ඉන්නවා අඬ අඬ ළමයි දෙන්නා මුවා අම්මා අල්ලගන්නකං ඊට පස්සේ ලෙහලා ළමයි දෙන්නා මුව අම්ම එක්ක අරිනවා 
",2,2,0,4,"ළමයෙක් උදෙන්ම නැගිටලා දත් මැදලා ලෑස්ති වෙලා අම්මට වැඳලා පාසල් යන්න සූදානම් වෙනවා 
",2,3,4,9,"කෑම කන්න කෑම එකක් බෙදා එක්කෙනෙක්ට ගිහින් දෙන්න යනවා
",1,2,1,4,23,38.33,Weak
,ළමයෙක් නිදියගෙන නැගිට සතුටින් එළිය බැලුවා,1,1,0,2,"මුවෙකුයි ළමයි දෙන්නෙකුයි ඉන්නවා ඒ ළමයි දෙන්නා මුව පැටියෙක් අල්ලගන්නවා මුව අම්මා බලන් ඉන්නවා අඬ අඬ ළමයි දෙන්නා මුවා අම්මා අල්ලගන්නකං ඊට පස්සේ ලෙහලා ළමයි දෙන්නා මුව අම්ම එක්ක අරිනවා 
",2,2,0,4,"ළමයෙක් උදෙන්ම නැගිටලා දත් මැදලා ලෑස්ති වෙලා අම්මට වැඳලා පාසල් යන්න සූදානම් වෙනවා 
",2,3,4,9,"අම්මයි දුවයි ඉන්නවා අම්මා අවුරුද්දට උඩහගෙදරට කැවිලි අරන් යන්න කියලා අරන් යන්න කියලා පිරිසියකට  දලා දෙනවා වහලා ඊට පස්සේ උඩහගෙදර යාළුවට ගිහින් දෙනවා
",4,3,2,9,24,40.00,Weak
,"ළමයෙක් උදේ පාන්දර නැගිටිනවා ඊට පස්සේ නැගිටලා මූණ හෝදනවා ඊට පස්සේ ලෑස්තිවෙලා කනවා  කාලා  ඉස්කෝලෙ යනවා
",1,4,3,8,"ළමයි දෙන්නෙක් මුව පැටියෙක් ලණුවකින් බැඳලා තියෙනවා දකිනවා එය ළමයි දැන් නම් මුව පැටියව ලෙහන්න උත්සාහ කරනවා  ඊට පස්සේ මුව පැටියව ලෙහනවා ළමයි දෙන්නත් සතුටින් ඊට පස්සේ මුව පැටියයි අම්මයි කැලේට යනවා
",5,3,1,9,"ළමයෙක් උදේ පාන්දරම නැගිටලා වතුර වීදුරුවක් ළඟ ඉන්නවා ඊට පස්සෙ දත් මදිනවා ඊට පස්සෙ දෙමව්පියන්ට වැඳලා පාසල් යන්න සූදානම් වෙනවා  ඊට පස්සේ ඒ ළමයා පාසල වෙත යනවා
",3,4,3,10,"අම්මයි ළමයයි උත්සවයක්කදී කෑම මේසයක් ළඟ ඉන්නවා  ඊට පස්සේ අම්මා තවත් ළමයෙක්ට කෑම පිඟානක් තමන්ගේ ළමයා අතේ යවනවා  ඊට පස්සේ ළමයා කෑම පිඟාන ගෙනිහින් අනිත් ළමයට සතුටෙන් දෙනවා 
",4,2,2,8,35,58.33,Average
,"ළමයෙක් උදේ පාන්දර නැගිටිනවා ඊට පස්සේ නැගිටලා මූණ හෝදනවා ඊට පස්සේ ලෑස්තිවෙලා කනවා  කාලා  ඉස්කෝලෙ යනවා
",1,4,3,8,"ළමයි දෙන්නෙක් දකිනවා මුව පැටියෙක් උගුලකට අහුවෙලා ඉන්නවා ඊට පස්සේ ඒ ළමයි දෙන්න එයා බේරගන්නවා ඊට පස්සේ මුව අම්මා දකිනවා පැටියා ළමයි දෙන්න ගාව ඉන්නවා කියලයා පස්සේ ළමයි දෙන්න පැටියාව දීලා  ඒ දෙන්නා කැලේට යනවා
",6,4,2,12,"ළමයෙක් උදේ පාන්දරම නැගිටලා වතුර වීදුරුවක් ළඟ ඉන්නවා ඊට පස්සෙ දත් මදිනවා ඊට පස්සෙ දෙමව්පියන්ට වැඳලා පාසල් යන්න සූදානම් වෙනවා  ඊට පස්සේ ඒ ළමයා පාසල වෙත යනවා
",3,4,3,10,"අම්මයි ළමයයි උත්සවයක්කදී කෑම මේසයක් ළඟ ඉන්නවා  ඊට පස්සේ අම්මා තවත් ළමයෙක්ට කෑම පිඟානක් තමන්ගේ ළමයා අතේ යවනවා  ඊට පස්සේ ළමයා කෑම පිඟාන ගෙනිහින් අනිත් ළමයට සතුටෙන් දෙනවා 
",4,2,2,8,38,63.33,Average
,"ළමයෙක් උදේ පාන්දර නැගිටිනවා ඊට පස්සේ නැගිටලා මූණ හෝදනවා ඊට පස්සේ ලෑස්තිවෙලා කනවා  කාලා  ඉස්කෝලෙ යනවා
",1,4,3,8,"ළමයි දෙන්නෙක් දකිනවා මුව පැටියෙක් උගුලකට අහුවෙලා ඉන්නවා ඊට පස්සේ ඒ ළමයි දෙන්න එයා බේරගන්නවා ඊට පස්සේ මුව අම්මා දකිනවා පැටියා ළමයි දෙන්න ගාව ඉන්නවා කියලයා පස්සේ ළමයි දෙන්න පැටියාව දීලා  ඒ දෙන්නා කැලේට යනවා
",6,4,2,12,"ළමයෙක් උදේ පාන්දර නැගිටිනවා ඊට පස්සේ දත් මදිනවා ඊට පස්සේ ලෑස්තිවෙලා අම්මට තාත්තාට වදිනවා ඊට පස්සේ ඉස්කෝලෙ යනවා
",3,4,4,11,"අම්මයි ළමයයි උත්සවයක්කදී කෑම මේසයක් ළඟ ඉන්නවා  ඊට පස්සේ අම්මා තවත් ළමයෙක්ට කෑම පිඟානක් තමන්ගේ ළමයා අතේ යවනවා  ඊට පස්සේ ළමයා කෑම පිඟාන ගෙනිහින් අනිත් ළමයට සතුටෙන් දෙනවා 
",4,2,2,8,39,65.00,Average
,"ළමයෙක් උදේම නැගිටිනවා  ඊට පස්සේ මූණ හෝදනවා ඊට පස්සේ ඉස්කෝලෙ යන්න ලෑස්තිවෙලා උදේ ආහාරය ගන්නවා ඊට පස්සේ සතුටින් ඉස්කෝලෙ යනවා
",1,4,3,8,"ළමයි දෙන්නෙක් මුව පැටියෙක් ලණුවකින් බැඳලා තියෙනවා දකිනවා එය ළමයි දැන් නම් මුව පැටියව ලෙහන්න උත්සාහ කරනවා  ඊට පස්සේ මුව පැටියව ලෙහනවා ළමයි දෙන්නත් සතුටින් ඊට පස්සේ මුව පැටියයි අම්මයි කැලේට යනවා
",5,3,1,9,"ළමයෙක් උදේ පාන්දර නැගිටිනවා ඊට පස්සේ දත් මදිනවා ඊට පස්සේ ලෑස්තිවෙලා අම්මට තාත්තාට වදිනවා ඊට පස්සේ ඉස්කෝලෙ යනවා
",3,4,4,11,"
කැවිලි හදලා මේකට තියනවා ළමයා දකිනවා ඊට පස්සේ ළමයට රස කැවිලි දීල මේක යාළුවට දෙන්න කියලා දෙනවා ළමයා යනවා යාළුවගේ ගෙදර යාළුවට දෙනවා
",3,2,1,6,34,56.67,Average
,"පිරිමි ළමයෙක් උදේම අවදිවෙලා ඉන්නවා මූණ සෝදනවා ඊට පස්සේ පාසල් යන්න සැරසිලා ඊට පස්සේ පොත් බෑග් එකත් පිටේ එල්ලගෙන වතුර බෝතලේ අතේ අරගෙන පාසල් යනවා 
 ",4,3,3,10,"පුංචි මුව පැටියෙක් උගුලට අහුවෙලා ඉන්නවා පිරිමි ළමයෙකුයි ගෑනු ළමයෙකුයි දකිනවා ඒ දෙන්නා එකතුවෙලා ඒ මුව පැටියාව බේරගන්නවා ඊට පස්සේ මුවපැටියාව බේරගෙන අරගෙන එනවා. මුව පැටියගෙ අම්මා එයාල දිහා බලාගෙන ඉන්නවා ඊට පස්සේ මුවمන් කැළේට යනවා
",9,4,4,17,"පුංචි පිරිමි ළමයා මේ උදේම අවදි වෙලා දත් මැදලා මූණ සෝදලා පාසල් යන්න ලෑස්තිවෙලා අම්මටයි තාත්තටයි වැඳලා පොත් බෑග් එකක් පිටේ එල්ලගෙන පාසල්  යනවා
",5,4,5,14,"අම්ම අවුරුද්දට රස කැවිලි හදලාා පුංචි දුවට දෙනව ඒකයාගේ යාළුවගේ ගෙදරට ගිහින් දෙන්න කියලා පුංචි ගෑණු ළමයා ඊට පස්සේ එයාගේ යාළුවගේ ගෙදරට ගිහිල්ලාාක් එයාගේ යාළුවට කෑම පිඟාන දෙනවා ඊට පස්සේ යාලුවෝ ස්තුති කරනවා
",4,3,2,9,50,83.33,Normal
,"පුංචි පිරිමි ළමයෙක් උදෙන්ම අවදිවෙලා මෝන සෝදලා පාසල් යන්න ලෑස්ති වෙලා බත් කාලාම පොත් බෑග් එකත් පිටේ එල්ලගෙන වතුර බෝතලේ තථේ අරගෙන පාසැල් යනවා 
",4,4,5,13,"දවසක් පුංචි පිරිමි ළමයෙකුයි ගෑණු ළමයෙකුයි කැලේ ඇවිදගෙන යනකොට දැක්කා පුංචි මුව පැටියෙක් උගුලකට අහුවෙලා ඉන්නවා ඊට පස්සේ දෙන්න එකතු වෙලා මුව පැටියාව උගුලෙන් බේරගත්තා මුව පැටියගේ අම්මා ඈත ඉඳන් හරිම දුකින් බලාගෙන ඉන්නවා පුංචි ළමයි දෙන්න දකිනවා ඊට පස්සේ මුව පැටියව අම්මට බාර දීලා එයාලා සතුටින් කැලේට යන දිහා බලාගෙන ඉන්නවා
",9,4,5,18,"පුංචි පිරිමි ළමයෙක් උදේම අවදිවෙලා ඉන්නවා  එයා දත් මදිනව ඊට පස්සේ මුහුණ සෝදලා පාසල් යන්න සැරසිලා අම්මටයි තාත්තටයි වැඳලා පොත් බෑග් එකත් පිටෙ එල්ලගෙන පාසල් යනවා
",5,4,5,14,"පුංචි ගෑණු ළමයෙක් අම්මා කැවිලි පිඟානක් හදන හැටි බලාගෙන ඉන්නවා එයාගේ අම්මා කැවිලි පිඟන එයාගේ අතට දෙනවා එයාගේ යාළුවට ගිහින් දෙන්න කියලා පුංචි ගෑනු ළමයාගේ යාළුවගේ ගෙදරට යනවා එයාගේ යාළුවට කැවිලි පිඟාන  දෙනවා
",6,4,5,15,60,100.00,Normal
,"පිරිමි ළමයෙක් උදේම අවදිවෙලා ඉන්නවා මූණ සෝදනවා ඊට පස්සේ පාසල් යන්න සැරසිලා ඊට පස්සේ පොත් බෑග් එකත් පිටේ එල්ලගෙන වතුර බෝතලේ අතේ අරගෙන පාසල් යනවා 
 ",4,3,3,10,"පුංචි මුව පැටියෙක් උගුලට අහුවෙලා ඉන්නවා පිරිමි ළමයෙකුයි ගෑනු ළමයෙකුයි දකිනවා ඒ දෙන්නා එකතුවෙලා ඒ මුව පැටියාව බේරගන්නවා ඊට පස්සේ මුවපැටියාව බේරගෙන අරගෙන එනවා. මුව පැටියගෙ අම්මා එයාල දිහා බලාගෙන ඉන්නවා ඊට පස්සේ මුවمන් කැළේට යනවා
",9,4,4,17,"පුංචි පිරිමි ළමයෙක් උදේම අවදිවෙලා ඉන්නවා  එයා දත් මදිනව ඊට පස්සේ මුහුණ සෝදලා පාසල් යන්න සැරසිලා අම්මටයි තාත්තටයි වැඳලා පොත් බෑග් එකත් පිටෙ එල්ලගෙන පාසල් යනවා
",5,4,5,14,"අම්ම අවුරුද්දට රස කැවිලි හදලාා පුංචි දුවට දෙනව ඒකයාගේ යාළුවගේ ගෙදරට ගිහින් දෙන්න කියලා පුංචි ගෑණු ළමයා ඊට පස්සේ එයාගේ යාළුවගේ ගෙදරට ගිහිල්ලාාක් එයාගේ යාළුවට කෑම පිඟාන දෙනවා ඊට පස්සේ යාලුවෝ ස්තුති කරනවා
",4,3,2,9,50,83.33,Normal
,"පුංචි පිරිමි ළමයෙක් උදෙන්ම අවදිවෙලා මෝන සෝදලා පාසල් යන්න ලෑස්ති වෙලා බත් කාලාම පොත් බෑග් එකත් පිටේ එල්ලගෙන වතුර බෝතලේ තථේ අරගෙන පාසැල් යනවා 
",4,4,5,13,"දවසක් පුංචි පිරිමි ළමයෙකුයි ගෑණු ළමයෙකුයි කැලේ ඇවිදගෙන යනකොට දැක්කා පුංචි මුව පැටියෙක් උගුලකට අහුවෙලා ඉන්නවා ඊට පස්සේ දෙන්න එකතු වෙලා මුව පැටියාව උගුලෙන් බේරගත්තා මුව පැටියගේ අම්මා ඈත ඉඳන් හරිම දුකින් බලාගෙන ඉන්නවා පුංචි ළමයි දෙන්න දකිනවා ඊට පස්සේ මුව පැටියව අම්මට බාර දීලා එයාලා සතුටින් කැලේට යන දිහා බලාගෙන ඉන්නවා
",9,4,5,18,"පුංචි පිරිමි ළමයා මේ උදේම අවදි වෙලා දත් මැදලා මූණ සෝදලා පාසල් යන්න ලෑස්තිවෙලා අම්මටයි තාත්තටයි වැඳලා පොත් බෑග් එකක් පිටේ එල්ලගෙන පාසල්  යනවා
",5,4,5,14,"පුංචි ගෑණු ළමයෙක් අම්මා කැවිලි පිඟානක් හදන හැටි බලාගෙන ඉන්නවා එයාගේ අම්මා කැවිලි පිඟන එයාගේ අතට දෙනවා එයාගේ යාළුවට ගිහින් දෙන්න කියලා පුංචි ගෑනු ළමයාගේ යාළුවගේ ගෙදරට යනවා එයාගේ යාළුවට කැවිලි පිඟාන  දෙනවා
",6,4,5,15,60,100.00,Normal
